,stop_gain_distance,stop_loss_distance,RSI_enable,RSI_period,RSI_value,operation_time,n_bars_validation,extra_range_entry
0,4,4,1,9,30,10,5,0
1,4,10,1,9,30,10,5,0
2,4,16,1,9,30,10,5,0
3,10,4,1,9,30,10,5,0
4,10,10,1,9,30,10,5,0
5,10,16,1,9,30,10,5,0
6,16,4,1,9,30,10,5,0
7,16,10,1,9,30,10,5,0
8,16,16,1,9,30,10,5,0
9,4,4,0,9,30,10,5,0
10,4,10,0,9,30,10,5,0
11,4,16,0,9,30,10,5,0
12,10,4,0,9,30,10,5,0
13,10,10,0,9,30,10,5,0
14,10,16,0,9,30,10,5,0
15,16,4,0,9,30,10,5,0
16,16,10,0,9,30,10,5,0
17,16,16,0,9,30,10,5,0
18,4,4,1,10,30,10,5,0
19,4,10,1,10,30,10,5,0
20,4,16,1,10,30,10,5,0
21,10,4,1,10,30,10,5,0
22,10,10,1,10,30,10,5,0
23,10,16,1,10,30,10,5,0
24,16,4,1,10,30,10,5,0
25,16,10,1,10,30,10,5,0
26,16,16,1,10,30,10,5,0
27,4,4,0,10,30,10,5,0
28,4,10,0,10,30,10,5,0
29,4,16,0,10,30,10,5,0
30,10,4,0,10,30,10,5,0
31,10,10,0,10,30,10,5,0
32,10,16,0,10,30,10,5,0
33,16,4,0,10,30,10,5,0
34,16,10,0,10,30,10,5,0
35,16,16,0,10,30,10,5,0
36,4,4,1,11,30,10,5,0
37,4,10,1,11,30,10,5,0
38,4,16,1,11,30,10,5,0
39,10,4,1,11,30,10,5,0
40,10,10,1,11,30,10,5,0
41,10,16,1,11,30,10,5,0
42,16,4,1,11,30,10,5,0
43,16,10,1,11,30,10,5,0
44,16,16,1,11,30,10,5,0
45,4,4,0,11,30,10,5,0
46,4,10,0,11,30,10,5,0
47,4,16,0,11,30,10,5,0
48,10,4,0,11,30,10,5,0
49,10,10,0,11,30,10,5,0
50,10,16,0,11,30,10,5,0
51,16,4,0,11,30,10,5,0
52,16,10,0,11,30,10,5,0
53,16,16,0,11,30,10,5,0
54,4,4,1,9,50,10,5,0
55,4,10,1,9,50,10,5,0
56,4,16,1,9,50,10,5,0
57,10,4,1,9,50,10,5,0
58,10,10,1,9,50,10,5,0
59,10,16,1,9,50,10,5,0
60,16,4,1,9,50,10,5,0
61,16,10,1,9,50,10,5,0
62,16,16,1,9,50,10,5,0
63,4,4,0,9,50,10,5,0
64,4,10,0,9,50,10,5,0
65,4,16,0,9,50,10,5,0
66,10,4,0,9,50,10,5,0
67,10,10,0,9,50,10,5,0
68,10,16,0,9,50,10,5,0
69,16,4,0,9,50,10,5,0
70,16,10,0,9,50,10,5,0
71,16,16,0,9,50,10,5,0
72,4,4,1,10,50,10,5,0
73,4,10,1,10,50,10,5,0
74,4,16,1,10,50,10,5,0
75,10,4,1,10,50,10,5,0
76,10,10,1,10,50,10,5,0
77,10,16,1,10,50,10,5,0
78,16,4,1,10,50,10,5,0
79,16,10,1,10,50,10,5,0
80,16,16,1,10,50,10,5,0
81,4,4,0,10,50,10,5,0
82,4,10,0,10,50,10,5,0
83,4,16,0,10,50,10,5,0
84,10,4,0,10,50,10,5,0
85,10,10,0,10,50,10,5,0
86,10,16,0,10,50,10,5,0
87,16,4,0,10,50,10,5,0
88,16,10,0,10,50,10,5,0
89,16,16,0,10,50,10,5,0
90,4,4,1,11,50,10,5,0
91,4,10,1,11,50,10,5,0
92,4,16,1,11,50,10,5,0
93,10,4,1,11,50,10,5,0
94,10,10,1,11,50,10,5,0
95,10,16,1,11,50,10,5,0
96,16,4,1,11,50,10,5,0
97,16,10,1,11,50,10,5,0
98,16,16,1,11,50,10,5,0
99,4,4,0,11,50,10,5,0
100,4,10,0,11,50,10,5,0
101,4,16,0,11,50,10,5,0
102,10,4,0,11,50,10,5,0
103,10,10,0,11,50,10,5,0
104,10,16,0,11,50,10,5,0
105,16,4,0,11,50,10,5,0
106,16,10,0,11,50,10,5,0
107,16,16,0,11,50,10,5,0
108,4,4,1,9,70,10,5,0
109,4,10,1,9,70,10,5,0
110,4,16,1,9,70,10,5,0
111,10,4,1,9,70,10,5,0
112,10,10,1,9,70,10,5,0
113,10,16,1,9,70,10,5,0
114,16,4,1,9,70,10,5,0
115,16,10,1,9,70,10,5,0
116,16,16,1,9,70,10,5,0
117,4,4,0,9,70,10,5,0
118,4,10,0,9,70,10,5,0
119,4,16,0,9,70,10,5,0
120,10,4,0,9,70,10,5,0
121,10,10,0,9,70,10,5,0
122,10,16,0,9,70,10,5,0
123,16,4,0,9,70,10,5,0
124,16,10,0,9,70,10,5,0
125,16,16,0,9,70,10,5,0
126,4,4,1,10,70,10,5,0
127,4,10,1,10,70,10,5,0
128,4,16,1,10,70,10,5,0
129,10,4,1,10,70,10,5,0
130,10,10,1,10,70,10,5,0
131,10,16,1,10,70,10,5,0
132,16,4,1,10,70,10,5,0
133,16,10,1,10,70,10,5,0
134,16,16,1,10,70,10,5,0
135,4,4,0,10,70,10,5,0
136,4,10,0,10,70,10,5,0
137,4,16,0,10,70,10,5,0
138,10,4,0,10,70,10,5,0
139,10,10,0,10,70,10,5,0
140,10,16,0,10,70,10,5,0
141,16,4,0,10,70,10,5,0
142,16,10,0,10,70,10,5,0
143,16,16,0,10,70,10,5,0
144,4,4,1,11,70,10,5,0
145,4,10,1,11,70,10,5,0
146,4,16,1,11,70,10,5,0
147,10,4,1,11,70,10,5,0
148,10,10,1,11,70,10,5,0
149,10,16,1,11,70,10,5,0
150,16,4,1,11,70,10,5,0
151,16,10,1,11,70,10,5,0
152,16,16,1,11,70,10,5,0
153,4,4,0,11,70,10,5,0
154,4,10,0,11,70,10,5,0
155,4,16,0,11,70,10,5,0
156,10,4,0,11,70,10,5,0
157,10,10,0,11,70,10,5,0
158,10,16,0,11,70,10,5,0
159,16,4,0,11,70,10,5,0
160,16,10,0,11,70,10,5,0
161,16,16,0,11,70,10,5,0
162,4,4,1,9,30,20,5,0
163,4,10,1,9,30,20,5,0
164,4,16,1,9,30,20,5,0
165,10,4,1,9,30,20,5,0
166,10,10,1,9,30,20,5,0
167,10,16,1,9,30,20,5,0
168,16,4,1,9,30,20,5,0
169,16,10,1,9,30,20,5,0
170,16,16,1,9,30,20,5,0
171,4,4,0,9,30,20,5,0
172,4,10,0,9,30,20,5,0
173,4,16,0,9,30,20,5,0
174,10,4,0,9,30,20,5,0
175,10,10,0,9,30,20,5,0
176,10,16,0,9,30,20,5,0
177,16,4,0,9,30,20,5,0
178,16,10,0,9,30,20,5,0
179,16,16,0,9,30,20,5,0
180,4,4,1,10,30,20,5,0
181,4,10,1,10,30,20,5,0
182,4,16,1,10,30,20,5,0
183,10,4,1,10,30,20,5,0
184,10,10,1,10,30,20,5,0
185,10,16,1,10,30,20,5,0
186,16,4,1,10,30,20,5,0
187,16,10,1,10,30,20,5,0
188,16,16,1,10,30,20,5,0
189,4,4,0,10,30,20,5,0
190,4,10,0,10,30,20,5,0
191,4,16,0,10,30,20,5,0
192,10,4,0,10,30,20,5,0
193,10,10,0,10,30,20,5,0
194,10,16,0,10,30,20,5,0
195,16,4,0,10,30,20,5,0
196,16,10,0,10,30,20,5,0
197,16,16,0,10,30,20,5,0
198,4,4,1,11,30,20,5,0
199,4,10,1,11,30,20,5,0
200,4,16,1,11,30,20,5,0
201,10,4,1,11,30,20,5,0
202,10,10,1,11,30,20,5,0
203,10,16,1,11,30,20,5,0
204,16,4,1,11,30,20,5,0
205,16,10,1,11,30,20,5,0
206,16,16,1,11,30,20,5,0
207,4,4,0,11,30,20,5,0
208,4,10,0,11,30,20,5,0
209,4,16,0,11,30,20,5,0
210,10,4,0,11,30,20,5,0
211,10,10,0,11,30,20,5,0
212,10,16,0,11,30,20,5,0
213,16,4,0,11,30,20,5,0
214,16,10,0,11,30,20,5,0
215,16,16,0,11,30,20,5,0
216,4,4,1,9,50,20,5,0
217,4,10,1,9,50,20,5,0
218,4,16,1,9,50,20,5,0
219,10,4,1,9,50,20,5,0
220,10,10,1,9,50,20,5,0
221,10,16,1,9,50,20,5,0
222,16,4,1,9,50,20,5,0
223,16,10,1,9,50,20,5,0
224,16,16,1,9,50,20,5,0
225,4,4,0,9,50,20,5,0
226,4,10,0,9,50,20,5,0
227,4,16,0,9,50,20,5,0
228,10,4,0,9,50,20,5,0
229,10,10,0,9,50,20,5,0
230,10,16,0,9,50,20,5,0
231,16,4,0,9,50,20,5,0
232,16,10,0,9,50,20,5,0
233,16,16,0,9,50,20,5,0
234,4,4,1,10,50,20,5,0
235,4,10,1,10,50,20,5,0
236,4,16,1,10,50,20,5,0
237,10,4,1,10,50,20,5,0
238,10,10,1,10,50,20,5,0
239,10,16,1,10,50,20,5,0
240,16,4,1,10,50,20,5,0
241,16,10,1,10,50,20,5,0
242,16,16,1,10,50,20,5,0
243,4,4,0,10,50,20,5,0
244,4,10,0,10,50,20,5,0
245,4,16,0,10,50,20,5,0
246,10,4,0,10,50,20,5,0
247,10,10,0,10,50,20,5,0
248,10,16,0,10,50,20,5,0
249,16,4,0,10,50,20,5,0
250,16,10,0,10,50,20,5,0
251,16,16,0,10,50,20,5,0
252,4,4,1,11,50,20,5,0
253,4,10,1,11,50,20,5,0
254,4,16,1,11,50,20,5,0
255,10,4,1,11,50,20,5,0
256,10,10,1,11,50,20,5,0
257,10,16,1,11,50,20,5,0
258,16,4,1,11,50,20,5,0
259,16,10,1,11,50,20,5,0
260,16,16,1,11,50,20,5,0
261,4,4,0,11,50,20,5,0
262,4,10,0,11,50,20,5,0
263,4,16,0,11,50,20,5,0
264,10,4,0,11,50,20,5,0
265,10,10,0,11,50,20,5,0
266,10,16,0,11,50,20,5,0
267,16,4,0,11,50,20,5,0
268,16,10,0,11,50,20,5,0
269,16,16,0,11,50,20,5,0
270,4,4,1,9,70,20,5,0
271,4,10,1,9,70,20,5,0
272,4,16,1,9,70,20,5,0
273,10,4,1,9,70,20,5,0
274,10,10,1,9,70,20,5,0
275,10,16,1,9,70,20,5,0
276,16,4,1,9,70,20,5,0
277,16,10,1,9,70,20,5,0
278,16,16,1,9,70,20,5,0
279,4,4,0,9,70,20,5,0
280,4,10,0,9,70,20,5,0
281,4,16,0,9,70,20,5,0
282,10,4,0,9,70,20,5,0
283,10,10,0,9,70,20,5,0
284,10,16,0,9,70,20,5,0
285,16,4,0,9,70,20,5,0
286,16,10,0,9,70,20,5,0
287,16,16,0,9,70,20,5,0
288,4,4,1,10,70,20,5,0
289,4,10,1,10,70,20,5,0
290,4,16,1,10,70,20,5,0
291,10,4,1,10,70,20,5,0
292,10,10,1,10,70,20,5,0
293,10,16,1,10,70,20,5,0
294,16,4,1,10,70,20,5,0
295,16,10,1,10,70,20,5,0
296,16,16,1,10,70,20,5,0
297,4,4,0,10,70,20,5,0
298,4,10,0,10,70,20,5,0
299,4,16,0,10,70,20,5,0
300,10,4,0,10,70,20,5,0
301,10,10,0,10,70,20,5,0
302,10,16,0,10,70,20,5,0
303,16,4,0,10,70,20,5,0
304,16,10,0,10,70,20,5,0
305,16,16,0,10,70,20,5,0
306,4,4,1,11,70,20,5,0
307,4,10,1,11,70,20,5,0
308,4,16,1,11,70,20,5,0
309,10,4,1,11,70,20,5,0
310,10,10,1,11,70,20,5,0
311,10,16,1,11,70,20,5,0
312,16,4,1,11,70,20,5,0
313,16,10,1,11,70,20,5,0
314,16,16,1,11,70,20,5,0
315,4,4,0,11,70,20,5,0
316,4,10,0,11,70,20,5,0
317,4,16,0,11,70,20,5,0
318,10,4,0,11,70,20,5,0
319,10,10,0,11,70,20,5,0
320,10,16,0,11,70,20,5,0
321,16,4,0,11,70,20,5,0
322,16,10,0,11,70,20,5,0
323,16,16,0,11,70,20,5,0
324,4,4,1,9,30,30,5,0
325,4,10,1,9,30,30,5,0
326,4,16,1,9,30,30,5,0
327,10,4,1,9,30,30,5,0
328,10,10,1,9,30,30,5,0
329,10,16,1,9,30,30,5,0
330,16,4,1,9,30,30,5,0
331,16,10,1,9,30,30,5,0
332,16,16,1,9,30,30,5,0
333,4,4,0,9,30,30,5,0
334,4,10,0,9,30,30,5,0
335,4,16,0,9,30,30,5,0
336,10,4,0,9,30,30,5,0
337,10,10,0,9,30,30,5,0
338,10,16,0,9,30,30,5,0
339,16,4,0,9,30,30,5,0
340,16,10,0,9,30,30,5,0
341,16,16,0,9,30,30,5,0
342,4,4,1,10,30,30,5,0
343,4,10,1,10,30,30,5,0
344,4,16,1,10,30,30,5,0
345,10,4,1,10,30,30,5,0
346,10,10,1,10,30,30,5,0
347,10,16,1,10,30,30,5,0
348,16,4,1,10,30,30,5,0
349,16,10,1,10,30,30,5,0
350,16,16,1,10,30,30,5,0
351,4,4,0,10,30,30,5,0
352,4,10,0,10,30,30,5,0
353,4,16,0,10,30,30,5,0
354,10,4,0,10,30,30,5,0
355,10,10,0,10,30,30,5,0
356,10,16,0,10,30,30,5,0
357,16,4,0,10,30,30,5,0
358,16,10,0,10,30,30,5,0
359,16,16,0,10,30,30,5,0
360,4,4,1,11,30,30,5,0
361,4,10,1,11,30,30,5,0
362,4,16,1,11,30,30,5,0
363,10,4,1,11,30,30,5,0
364,10,10,1,11,30,30,5,0
365,10,16,1,11,30,30,5,0
366,16,4,1,11,30,30,5,0
367,16,10,1,11,30,30,5,0
368,16,16,1,11,30,30,5,0
369,4,4,0,11,30,30,5,0
370,4,10,0,11,30,30,5,0
371,4,16,0,11,30,30,5,0
372,10,4,0,11,30,30,5,0
373,10,10,0,11,30,30,5,0
374,10,16,0,11,30,30,5,0
375,16,4,0,11,30,30,5,0
376,16,10,0,11,30,30,5,0
377,16,16,0,11,30,30,5,0
378,4,4,1,9,50,30,5,0
379,4,10,1,9,50,30,5,0
380,4,16,1,9,50,30,5,0
381,10,4,1,9,50,30,5,0
382,10,10,1,9,50,30,5,0
383,10,16,1,9,50,30,5,0
384,16,4,1,9,50,30,5,0
385,16,10,1,9,50,30,5,0
386,16,16,1,9,50,30,5,0
387,4,4,0,9,50,30,5,0
388,4,10,0,9,50,30,5,0
389,4,16,0,9,50,30,5,0
390,10,4,0,9,50,30,5,0
391,10,10,0,9,50,30,5,0
392,10,16,0,9,50,30,5,0
393,16,4,0,9,50,30,5,0
394,16,10,0,9,50,30,5,0
395,16,16,0,9,50,30,5,0
396,4,4,1,10,50,30,5,0
397,4,10,1,10,50,30,5,0
398,4,16,1,10,50,30,5,0
399,10,4,1,10,50,30,5,0
400,10,10,1,10,50,30,5,0
401,10,16,1,10,50,30,5,0
402,16,4,1,10,50,30,5,0
403,16,10,1,10,50,30,5,0
404,16,16,1,10,50,30,5,0
405,4,4,0,10,50,30,5,0
406,4,10,0,10,50,30,5,0
407,4,16,0,10,50,30,5,0
408,10,4,0,10,50,30,5,0
409,10,10,0,10,50,30,5,0
410,10,16,0,10,50,30,5,0
411,16,4,0,10,50,30,5,0
412,16,10,0,10,50,30,5,0
413,16,16,0,10,50,30,5,0
414,4,4,1,11,50,30,5,0
415,4,10,1,11,50,30,5,0
416,4,16,1,11,50,30,5,0
417,10,4,1,11,50,30,5,0
418,10,10,1,11,50,30,5,0
419,10,16,1,11,50,30,5,0
420,16,4,1,11,50,30,5,0
421,16,10,1,11,50,30,5,0
422,16,16,1,11,50,30,5,0
423,4,4,0,11,50,30,5,0
424,4,10,0,11,50,30,5,0
425,4,16,0,11,50,30,5,0
426,10,4,0,11,50,30,5,0
427,10,10,0,11,50,30,5,0
428,10,16,0,11,50,30,5,0
429,16,4,0,11,50,30,5,0
430,16,10,0,11,50,30,5,0
431,16,16,0,11,50,30,5,0
432,4,4,1,9,70,30,5,0
433,4,10,1,9,70,30,5,0
434,4,16,1,9,70,30,5,0
435,10,4,1,9,70,30,5,0
436,10,10,1,9,70,30,5,0
437,10,16,1,9,70,30,5,0
438,16,4,1,9,70,30,5,0
439,16,10,1,9,70,30,5,0
440,16,16,1,9,70,30,5,0
441,4,4,0,9,70,30,5,0
442,4,10,0,9,70,30,5,0
443,4,16,0,9,70,30,5,0
444,10,4,0,9,70,30,5,0
445,10,10,0,9,70,30,5,0
446,10,16,0,9,70,30,5,0
447,16,4,0,9,70,30,5,0
448,16,10,0,9,70,30,5,0
449,16,16,0,9,70,30,5,0
450,4,4,1,10,70,30,5,0
451,4,10,1,10,70,30,5,0
452,4,16,1,10,70,30,5,0
453,10,4,1,10,70,30,5,0
454,10,10,1,10,70,30,5,0
455,10,16,1,10,70,30,5,0
456,16,4,1,10,70,30,5,0
457,16,10,1,10,70,30,5,0
458,16,16,1,10,70,30,5,0
459,4,4,0,10,70,30,5,0
460,4,10,0,10,70,30,5,0
461,4,16,0,10,70,30,5,0
462,10,4,0,10,70,30,5,0
463,10,10,0,10,70,30,5,0
464,10,16,0,10,70,30,5,0
465,16,4,0,10,70,30,5,0
466,16,10,0,10,70,30,5,0
467,16,16,0,10,70,30,5,0
468,4,4,1,11,70,30,5,0
469,4,10,1,11,70,30,5,0
470,4,16,1,11,70,30,5,0
471,10,4,1,11,70,30,5,0
472,10,10,1,11,70,30,5,0
473,10,16,1,11,70,30,5,0
474,16,4,1,11,70,30,5,0
475,16,10,1,11,70,30,5,0
476,16,16,1,11,70,30,5,0
477,4,4,0,11,70,30,5,0
478,4,10,0,11,70,30,5,0
479,4,16,0,11,70,30,5,0
480,10,4,0,11,70,30,5,0
481,10,10,0,11,70,30,5,0
482,10,16,0,11,70,30,5,0
483,16,4,0,11,70,30,5,0
484,16,10,0,11,70,30,5,0
485,16,16,0,11,70,30,5,0
486,4,4,1,9,30,10,10,0
487,4,10,1,9,30,10,10,0
488,4,16,1,9,30,10,10,0
489,10,4,1,9,30,10,10,0
490,10,10,1,9,30,10,10,0
491,10,16,1,9,30,10,10,0
492,16,4,1,9,30,10,10,0
493,16,10,1,9,30,10,10,0
494,16,16,1,9,30,10,10,0
495,4,4,0,9,30,10,10,0
496,4,10,0,9,30,10,10,0
497,4,16,0,9,30,10,10,0
498,10,4,0,9,30,10,10,0
499,10,10,0,9,30,10,10,0
500,10,16,0,9,30,10,10,0
501,16,4,0,9,30,10,10,0
502,16,10,0,9,30,10,10,0
503,16,16,0,9,30,10,10,0
504,4,4,1,10,30,10,10,0
505,4,10,1,10,30,10,10,0
506,4,16,1,10,30,10,10,0
507,10,4,1,10,30,10,10,0
508,10,10,1,10,30,10,10,0
509,10,16,1,10,30,10,10,0
510,16,4,1,10,30,10,10,0
511,16,10,1,10,30,10,10,0
512,16,16,1,10,30,10,10,0
513,4,4,0,10,30,10,10,0
514,4,10,0,10,30,10,10,0
515,4,16,0,10,30,10,10,0
516,10,4,0,10,30,10,10,0
517,10,10,0,10,30,10,10,0
518,10,16,0,10,30,10,10,0
519,16,4,0,10,30,10,10,0
520,16,10,0,10,30,10,10,0
521,16,16,0,10,30,10,10,0
522,4,4,1,11,30,10,10,0
523,4,10,1,11,30,10,10,0
524,4,16,1,11,30,10,10,0
525,10,4,1,11,30,10,10,0
526,10,10,1,11,30,10,10,0
527,10,16,1,11,30,10,10,0
528,16,4,1,11,30,10,10,0
529,16,10,1,11,30,10,10,0
530,16,16,1,11,30,10,10,0
531,4,4,0,11,30,10,10,0
532,4,10,0,11,30,10,10,0
533,4,16,0,11,30,10,10,0
534,10,4,0,11,30,10,10,0
535,10,10,0,11,30,10,10,0
536,10,16,0,11,30,10,10,0
537,16,4,0,11,30,10,10,0
538,16,10,0,11,30,10,10,0
539,16,16,0,11,30,10,10,0
540,4,4,1,9,50,10,10,0
541,4,10,1,9,50,10,10,0
542,4,16,1,9,50,10,10,0
543,10,4,1,9,50,10,10,0
544,10,10,1,9,50,10,10,0
545,10,16,1,9,50,10,10,0
546,16,4,1,9,50,10,10,0
547,16,10,1,9,50,10,10,0
548,16,16,1,9,50,10,10,0
549,4,4,0,9,50,10,10,0
550,4,10,0,9,50,10,10,0
551,4,16,0,9,50,10,10,0
552,10,4,0,9,50,10,10,0
553,10,10,0,9,50,10,10,0
554,10,16,0,9,50,10,10,0
555,16,4,0,9,50,10,10,0
556,16,10,0,9,50,10,10,0
557,16,16,0,9,50,10,10,0
558,4,4,1,10,50,10,10,0
559,4,10,1,10,50,10,10,0
560,4,16,1,10,50,10,10,0
561,10,4,1,10,50,10,10,0
562,10,10,1,10,50,10,10,0
563,10,16,1,10,50,10,10,0
564,16,4,1,10,50,10,10,0
565,16,10,1,10,50,10,10,0
566,16,16,1,10,50,10,10,0
567,4,4,0,10,50,10,10,0
568,4,10,0,10,50,10,10,0
569,4,16,0,10,50,10,10,0
570,10,4,0,10,50,10,10,0
571,10,10,0,10,50,10,10,0
572,10,16,0,10,50,10,10,0
573,16,4,0,10,50,10,10,0
574,16,10,0,10,50,10,10,0
575,16,16,0,10,50,10,10,0
576,4,4,1,11,50,10,10,0
577,4,10,1,11,50,10,10,0
578,4,16,1,11,50,10,10,0
579,10,4,1,11,50,10,10,0
580,10,10,1,11,50,10,10,0
581,10,16,1,11,50,10,10,0
582,16,4,1,11,50,10,10,0
583,16,10,1,11,50,10,10,0
584,16,16,1,11,50,10,10,0
585,4,4,0,11,50,10,10,0
586,4,10,0,11,50,10,10,0
587,4,16,0,11,50,10,10,0
588,10,4,0,11,50,10,10,0
589,10,10,0,11,50,10,10,0
590,10,16,0,11,50,10,10,0
591,16,4,0,11,50,10,10,0
592,16,10,0,11,50,10,10,0
593,16,16,0,11,50,10,10,0
594,4,4,1,9,70,10,10,0
595,4,10,1,9,70,10,10,0
596,4,16,1,9,70,10,10,0
597,10,4,1,9,70,10,10,0
598,10,10,1,9,70,10,10,0
599,10,16,1,9,70,10,10,0
600,16,4,1,9,70,10,10,0
601,16,10,1,9,70,10,10,0
602,16,16,1,9,70,10,10,0
603,4,4,0,9,70,10,10,0
604,4,10,0,9,70,10,10,0
605,4,16,0,9,70,10,10,0
606,10,4,0,9,70,10,10,0
607,10,10,0,9,70,10,10,0
608,10,16,0,9,70,10,10,0
609,16,4,0,9,70,10,10,0
610,16,10,0,9,70,10,10,0
611,16,16,0,9,70,10,10,0
612,4,4,1,10,70,10,10,0
613,4,10,1,10,70,10,10,0
614,4,16,1,10,70,10,10,0
615,10,4,1,10,70,10,10,0
616,10,10,1,10,70,10,10,0
617,10,16,1,10,70,10,10,0
618,16,4,1,10,70,10,10,0
619,16,10,1,10,70,10,10,0
620,16,16,1,10,70,10,10,0
621,4,4,0,10,70,10,10,0
622,4,10,0,10,70,10,10,0
623,4,16,0,10,70,10,10,0
624,10,4,0,10,70,10,10,0
625,10,10,0,10,70,10,10,0
626,10,16,0,10,70,10,10,0
627,16,4,0,10,70,10,10,0
628,16,10,0,10,70,10,10,0
629,16,16,0,10,70,10,10,0
630,4,4,1,11,70,10,10,0
631,4,10,1,11,70,10,10,0
632,4,16,1,11,70,10,10,0
633,10,4,1,11,70,10,10,0
634,10,10,1,11,70,10,10,0
635,10,16,1,11,70,10,10,0
636,16,4,1,11,70,10,10,0
637,16,10,1,11,70,10,10,0
638,16,16,1,11,70,10,10,0
639,4,4,0,11,70,10,10,0
640,4,10,0,11,70,10,10,0
641,4,16,0,11,70,10,10,0
642,10,4,0,11,70,10,10,0
643,10,10,0,11,70,10,10,0
644,10,16,0,11,70,10,10,0
645,16,4,0,11,70,10,10,0
646,16,10,0,11,70,10,10,0
647,16,16,0,11,70,10,10,0
648,4,4,1,9,30,20,10,0
649,4,10,1,9,30,20,10,0
650,4,16,1,9,30,20,10,0
651,10,4,1,9,30,20,10,0
652,10,10,1,9,30,20,10,0
653,10,16,1,9,30,20,10,0
654,16,4,1,9,30,20,10,0
655,16,10,1,9,30,20,10,0
656,16,16,1,9,30,20,10,0
657,4,4,0,9,30,20,10,0
658,4,10,0,9,30,20,10,0
659,4,16,0,9,30,20,10,0
660,10,4,0,9,30,20,10,0
661,10,10,0,9,30,20,10,0
662,10,16,0,9,30,20,10,0
663,16,4,0,9,30,20,10,0
664,16,10,0,9,30,20,10,0
665,16,16,0,9,30,20,10,0
666,4,4,1,10,30,20,10,0
667,4,10,1,10,30,20,10,0
668,4,16,1,10,30,20,10,0
669,10,4,1,10,30,20,10,0
670,10,10,1,10,30,20,10,0
671,10,16,1,10,30,20,10,0
672,16,4,1,10,30,20,10,0
673,16,10,1,10,30,20,10,0
674,16,16,1,10,30,20,10,0
675,4,4,0,10,30,20,10,0
676,4,10,0,10,30,20,10,0
677,4,16,0,10,30,20,10,0
678,10,4,0,10,30,20,10,0
679,10,10,0,10,30,20,10,0
680,10,16,0,10,30,20,10,0
681,16,4,0,10,30,20,10,0
682,16,10,0,10,30,20,10,0
683,16,16,0,10,30,20,10,0
684,4,4,1,11,30,20,10,0
685,4,10,1,11,30,20,10,0
686,4,16,1,11,30,20,10,0
687,10,4,1,11,30,20,10,0
688,10,10,1,11,30,20,10,0
689,10,16,1,11,30,20,10,0
690,16,4,1,11,30,20,10,0
691,16,10,1,11,30,20,10,0
692,16,16,1,11,30,20,10,0
693,4,4,0,11,30,20,10,0
694,4,10,0,11,30,20,10,0
695,4,16,0,11,30,20,10,0
696,10,4,0,11,30,20,10,0
697,10,10,0,11,30,20,10,0
698,10,16,0,11,30,20,10,0
699,16,4,0,11,30,20,10,0
700,16,10,0,11,30,20,10,0
701,16,16,0,11,30,20,10,0
702,4,4,1,9,50,20,10,0
703,4,10,1,9,50,20,10,0
704,4,16,1,9,50,20,10,0
705,10,4,1,9,50,20,10,0
706,10,10,1,9,50,20,10,0
707,10,16,1,9,50,20,10,0
708,16,4,1,9,50,20,10,0
709,16,10,1,9,50,20,10,0
710,16,16,1,9,50,20,10,0
711,4,4,0,9,50,20,10,0
712,4,10,0,9,50,20,10,0
713,4,16,0,9,50,20,10,0
714,10,4,0,9,50,20,10,0
715,10,10,0,9,50,20,10,0
716,10,16,0,9,50,20,10,0
717,16,4,0,9,50,20,10,0
718,16,10,0,9,50,20,10,0
719,16,16,0,9,50,20,10,0
720,4,4,1,10,50,20,10,0
721,4,10,1,10,50,20,10,0
722,4,16,1,10,50,20,10,0
723,10,4,1,10,50,20,10,0
724,10,10,1,10,50,20,10,0
725,10,16,1,10,50,20,10,0
726,16,4,1,10,50,20,10,0
727,16,10,1,10,50,20,10,0
728,16,16,1,10,50,20,10,0
729,4,4,0,10,50,20,10,0
730,4,10,0,10,50,20,10,0
731,4,16,0,10,50,20,10,0
732,10,4,0,10,50,20,10,0
733,10,10,0,10,50,20,10,0
734,10,16,0,10,50,20,10,0
735,16,4,0,10,50,20,10,0
736,16,10,0,10,50,20,10,0
737,16,16,0,10,50,20,10,0
738,4,4,1,11,50,20,10,0
739,4,10,1,11,50,20,10,0
740,4,16,1,11,50,20,10,0
741,10,4,1,11,50,20,10,0
742,10,10,1,11,50,20,10,0
743,10,16,1,11,50,20,10,0
744,16,4,1,11,50,20,10,0
745,16,10,1,11,50,20,10,0
746,16,16,1,11,50,20,10,0
747,4,4,0,11,50,20,10,0
748,4,10,0,11,50,20,10,0
749,4,16,0,11,50,20,10,0
750,10,4,0,11,50,20,10,0
751,10,10,0,11,50,20,10,0
752,10,16,0,11,50,20,10,0
753,16,4,0,11,50,20,10,0
754,16,10,0,11,50,20,10,0
755,16,16,0,11,50,20,10,0
756,4,4,1,9,70,20,10,0
757,4,10,1,9,70,20,10,0
758,4,16,1,9,70,20,10,0
759,10,4,1,9,70,20,10,0
760,10,10,1,9,70,20,10,0
761,10,16,1,9,70,20,10,0
762,16,4,1,9,70,20,10,0
763,16,10,1,9,70,20,10,0
764,16,16,1,9,70,20,10,0
765,4,4,0,9,70,20,10,0
766,4,10,0,9,70,20,10,0
767,4,16,0,9,70,20,10,0
768,10,4,0,9,70,20,10,0
769,10,10,0,9,70,20,10,0
770,10,16,0,9,70,20,10,0
771,16,4,0,9,70,20,10,0
772,16,10,0,9,70,20,10,0
773,16,16,0,9,70,20,10,0
774,4,4,1,10,70,20,10,0
775,4,10,1,10,70,20,10,0
776,4,16,1,10,70,20,10,0
777,10,4,1,10,70,20,10,0
778,10,10,1,10,70,20,10,0
779,10,16,1,10,70,20,10,0
780,16,4,1,10,70,20,10,0
781,16,10,1,10,70,20,10,0
782,16,16,1,10,70,20,10,0
783,4,4,0,10,70,20,10,0
784,4,10,0,10,70,20,10,0
785,4,16,0,10,70,20,10,0
786,10,4,0,10,70,20,10,0
787,10,10,0,10,70,20,10,0
788,10,16,0,10,70,20,10,0
789,16,4,0,10,70,20,10,0
790,16,10,0,10,70,20,10,0
791,16,16,0,10,70,20,10,0
792,4,4,1,11,70,20,10,0
793,4,10,1,11,70,20,10,0
794,4,16,1,11,70,20,10,0
795,10,4,1,11,70,20,10,0
796,10,10,1,11,70,20,10,0
797,10,16,1,11,70,20,10,0
798,16,4,1,11,70,20,10,0
799,16,10,1,11,70,20,10,0
800,16,16,1,11,70,20,10,0
801,4,4,0,11,70,20,10,0
802,4,10,0,11,70,20,10,0
803,4,16,0,11,70,20,10,0
804,10,4,0,11,70,20,10,0
805,10,10,0,11,70,20,10,0
806,10,16,0,11,70,20,10,0
807,16,4,0,11,70,20,10,0
808,16,10,0,11,70,20,10,0
809,16,16,0,11,70,20,10,0
810,4,4,1,9,30,30,10,0
811,4,10,1,9,30,30,10,0
812,4,16,1,9,30,30,10,0
813,10,4,1,9,30,30,10,0
814,10,10,1,9,30,30,10,0
815,10,16,1,9,30,30,10,0
816,16,4,1,9,30,30,10,0
817,16,10,1,9,30,30,10,0
818,16,16,1,9,30,30,10,0
819,4,4,0,9,30,30,10,0
820,4,10,0,9,30,30,10,0
821,4,16,0,9,30,30,10,0
822,10,4,0,9,30,30,10,0
823,10,10,0,9,30,30,10,0
824,10,16,0,9,30,30,10,0
825,16,4,0,9,30,30,10,0
826,16,10,0,9,30,30,10,0
827,16,16,0,9,30,30,10,0
828,4,4,1,10,30,30,10,0
829,4,10,1,10,30,30,10,0
830,4,16,1,10,30,30,10,0
831,10,4,1,10,30,30,10,0
832,10,10,1,10,30,30,10,0
833,10,16,1,10,30,30,10,0
834,16,4,1,10,30,30,10,0
835,16,10,1,10,30,30,10,0
836,16,16,1,10,30,30,10,0
837,4,4,0,10,30,30,10,0
838,4,10,0,10,30,30,10,0
839,4,16,0,10,30,30,10,0
840,10,4,0,10,30,30,10,0
841,10,10,0,10,30,30,10,0
842,10,16,0,10,30,30,10,0
843,16,4,0,10,30,30,10,0
844,16,10,0,10,30,30,10,0
845,16,16,0,10,30,30,10,0
846,4,4,1,11,30,30,10,0
847,4,10,1,11,30,30,10,0
848,4,16,1,11,30,30,10,0
849,10,4,1,11,30,30,10,0
850,10,10,1,11,30,30,10,0
851,10,16,1,11,30,30,10,0
852,16,4,1,11,30,30,10,0
853,16,10,1,11,30,30,10,0
854,16,16,1,11,30,30,10,0
855,4,4,0,11,30,30,10,0
856,4,10,0,11,30,30,10,0
857,4,16,0,11,30,30,10,0
858,10,4,0,11,30,30,10,0
859,10,10,0,11,30,30,10,0
860,10,16,0,11,30,30,10,0
861,16,4,0,11,30,30,10,0
862,16,10,0,11,30,30,10,0
863,16,16,0,11,30,30,10,0
864,4,4,1,9,50,30,10,0
865,4,10,1,9,50,30,10,0
866,4,16,1,9,50,30,10,0
867,10,4,1,9,50,30,10,0
868,10,10,1,9,50,30,10,0
869,10,16,1,9,50,30,10,0
870,16,4,1,9,50,30,10,0
871,16,10,1,9,50,30,10,0
872,16,16,1,9,50,30,10,0
873,4,4,0,9,50,30,10,0
874,4,10,0,9,50,30,10,0
875,4,16,0,9,50,30,10,0
876,10,4,0,9,50,30,10,0
877,10,10,0,9,50,30,10,0
878,10,16,0,9,50,30,10,0
879,16,4,0,9,50,30,10,0
880,16,10,0,9,50,30,10,0
881,16,16,0,9,50,30,10,0
882,4,4,1,10,50,30,10,0
883,4,10,1,10,50,30,10,0
884,4,16,1,10,50,30,10,0
885,10,4,1,10,50,30,10,0
886,10,10,1,10,50,30,10,0
887,10,16,1,10,50,30,10,0
888,16,4,1,10,50,30,10,0
889,16,10,1,10,50,30,10,0
890,16,16,1,10,50,30,10,0
891,4,4,0,10,50,30,10,0
892,4,10,0,10,50,30,10,0
893,4,16,0,10,50,30,10,0
894,10,4,0,10,50,30,10,0
895,10,10,0,10,50,30,10,0
896,10,16,0,10,50,30,10,0
897,16,4,0,10,50,30,10,0
898,16,10,0,10,50,30,10,0
899,16,16,0,10,50,30,10,0
900,4,4,1,11,50,30,10,0
901,4,10,1,11,50,30,10,0
902,4,16,1,11,50,30,10,0
903,10,4,1,11,50,30,10,0
904,10,10,1,11,50,30,10,0
905,10,16,1,11,50,30,10,0
906,16,4,1,11,50,30,10,0
907,16,10,1,11,50,30,10,0
908,16,16,1,11,50,30,10,0
909,4,4,0,11,50,30,10,0
910,4,10,0,11,50,30,10,0
911,4,16,0,11,50,30,10,0
912,10,4,0,11,50,30,10,0
913,10,10,0,11,50,30,10,0
914,10,16,0,11,50,30,10,0
915,16,4,0,11,50,30,10,0
916,16,10,0,11,50,30,10,0
917,16,16,0,11,50,30,10,0
918,4,4,1,9,70,30,10,0
919,4,10,1,9,70,30,10,0
920,4,16,1,9,70,30,10,0
921,10,4,1,9,70,30,10,0
922,10,10,1,9,70,30,10,0
923,10,16,1,9,70,30,10,0
924,16,4,1,9,70,30,10,0
925,16,10,1,9,70,30,10,0
926,16,16,1,9,70,30,10,0
927,4,4,0,9,70,30,10,0
928,4,10,0,9,70,30,10,0
929,4,16,0,9,70,30,10,0
930,10,4,0,9,70,30,10,0
931,10,10,0,9,70,30,10,0
932,10,16,0,9,70,30,10,0
933,16,4,0,9,70,30,10,0
934,16,10,0,9,70,30,10,0
935,16,16,0,9,70,30,10,0
936,4,4,1,10,70,30,10,0
937,4,10,1,10,70,30,10,0
938,4,16,1,10,70,30,10,0
939,10,4,1,10,70,30,10,0
940,10,10,1,10,70,30,10,0
941,10,16,1,10,70,30,10,0
942,16,4,1,10,70,30,10,0
943,16,10,1,10,70,30,10,0
944,16,16,1,10,70,30,10,0
945,4,4,0,10,70,30,10,0
946,4,10,0,10,70,30,10,0
947,4,16,0,10,70,30,10,0
948,10,4,0,10,70,30,10,0
949,10,10,0,10,70,30,10,0
950,10,16,0,10,70,30,10,0
951,16,4,0,10,70,30,10,0
952,16,10,0,10,70,30,10,0
953,16,16,0,10,70,30,10,0
954,4,4,1,11,70,30,10,0
955,4,10,1,11,70,30,10,0
956,4,16,1,11,70,30,10,0
957,10,4,1,11,70,30,10,0
958,10,10,1,11,70,30,10,0
959,10,16,1,11,70,30,10,0
960,16,4,1,11,70,30,10,0
961,16,10,1,11,70,30,10,0
962,16,16,1,11,70,30,10,0
963,4,4,0,11,70,30,10,0
964,4,10,0,11,70,30,10,0
965,4,16,0,11,70,30,10,0
966,10,4,0,11,70,30,10,0
967,10,10,0,11,70,30,10,0
968,10,16,0,11,70,30,10,0
969,16,4,0,11,70,30,10,0
970,16,10,0,11,70,30,10,0
971,16,16,0,11,70,30,10,0
972,4,4,1,9,30,10,15,0
973,4,10,1,9,30,10,15,0
974,4,16,1,9,30,10,15,0
975,10,4,1,9,30,10,15,0
976,10,10,1,9,30,10,15,0
977,10,16,1,9,30,10,15,0
978,16,4,1,9,30,10,15,0
979,16,10,1,9,30,10,15,0
980,16,16,1,9,30,10,15,0
981,4,4,0,9,30,10,15,0
982,4,10,0,9,30,10,15,0
983,4,16,0,9,30,10,15,0
984,10,4,0,9,30,10,15,0
985,10,10,0,9,30,10,15,0
986,10,16,0,9,30,10,15,0
987,16,4,0,9,30,10,15,0
988,16,10,0,9,30,10,15,0
989,16,16,0,9,30,10,15,0
990,4,4,1,10,30,10,15,0
991,4,10,1,10,30,10,15,0
992,4,16,1,10,30,10,15,0
993,10,4,1,10,30,10,15,0
994,10,10,1,10,30,10,15,0
995,10,16,1,10,30,10,15,0
996,16,4,1,10,30,10,15,0
997,16,10,1,10,30,10,15,0
998,16,16,1,10,30,10,15,0
999,4,4,0,10,30,10,15,0
1000,4,10,0,10,30,10,15,0
1001,4,16,0,10,30,10,15,0
1002,10,4,0,10,30,10,15,0
1003,10,10,0,10,30,10,15,0
1004,10,16,0,10,30,10,15,0
1005,16,4,0,10,30,10,15,0
1006,16,10,0,10,30,10,15,0
1007,16,16,0,10,30,10,15,0
1008,4,4,1,11,30,10,15,0
1009,4,10,1,11,30,10,15,0
1010,4,16,1,11,30,10,15,0
1011,10,4,1,11,30,10,15,0
1012,10,10,1,11,30,10,15,0
1013,10,16,1,11,30,10,15,0
1014,16,4,1,11,30,10,15,0
1015,16,10,1,11,30,10,15,0
1016,16,16,1,11,30,10,15,0
1017,4,4,0,11,30,10,15,0
1018,4,10,0,11,30,10,15,0
1019,4,16,0,11,30,10,15,0
1020,10,4,0,11,30,10,15,0
1021,10,10,0,11,30,10,15,0
1022,10,16,0,11,30,10,15,0
1023,16,4,0,11,30,10,15,0
1024,16,10,0,11,30,10,15,0
1025,16,16,0,11,30,10,15,0
1026,4,4,1,9,50,10,15,0
1027,4,10,1,9,50,10,15,0
1028,4,16,1,9,50,10,15,0
1029,10,4,1,9,50,10,15,0
1030,10,10,1,9,50,10,15,0
1031,10,16,1,9,50,10,15,0
1032,16,4,1,9,50,10,15,0
1033,16,10,1,9,50,10,15,0
1034,16,16,1,9,50,10,15,0
1035,4,4,0,9,50,10,15,0
1036,4,10,0,9,50,10,15,0
1037,4,16,0,9,50,10,15,0
1038,10,4,0,9,50,10,15,0
1039,10,10,0,9,50,10,15,0
1040,10,16,0,9,50,10,15,0
1041,16,4,0,9,50,10,15,0
1042,16,10,0,9,50,10,15,0
1043,16,16,0,9,50,10,15,0
1044,4,4,1,10,50,10,15,0
1045,4,10,1,10,50,10,15,0
1046,4,16,1,10,50,10,15,0
1047,10,4,1,10,50,10,15,0
1048,10,10,1,10,50,10,15,0
1049,10,16,1,10,50,10,15,0
1050,16,4,1,10,50,10,15,0
1051,16,10,1,10,50,10,15,0
1052,16,16,1,10,50,10,15,0
1053,4,4,0,10,50,10,15,0
1054,4,10,0,10,50,10,15,0
1055,4,16,0,10,50,10,15,0
1056,10,4,0,10,50,10,15,0
1057,10,10,0,10,50,10,15,0
1058,10,16,0,10,50,10,15,0
1059,16,4,0,10,50,10,15,0
1060,16,10,0,10,50,10,15,0
1061,16,16,0,10,50,10,15,0
1062,4,4,1,11,50,10,15,0
1063,4,10,1,11,50,10,15,0
1064,4,16,1,11,50,10,15,0
1065,10,4,1,11,50,10,15,0
1066,10,10,1,11,50,10,15,0
1067,10,16,1,11,50,10,15,0
1068,16,4,1,11,50,10,15,0
1069,16,10,1,11,50,10,15,0
1070,16,16,1,11,50,10,15,0
1071,4,4,0,11,50,10,15,0
1072,4,10,0,11,50,10,15,0
1073,4,16,0,11,50,10,15,0
1074,10,4,0,11,50,10,15,0
1075,10,10,0,11,50,10,15,0
1076,10,16,0,11,50,10,15,0
1077,16,4,0,11,50,10,15,0
1078,16,10,0,11,50,10,15,0
1079,16,16,0,11,50,10,15,0
1080,4,4,1,9,70,10,15,0
1081,4,10,1,9,70,10,15,0
1082,4,16,1,9,70,10,15,0
1083,10,4,1,9,70,10,15,0
1084,10,10,1,9,70,10,15,0
1085,10,16,1,9,70,10,15,0
1086,16,4,1,9,70,10,15,0
1087,16,10,1,9,70,10,15,0
1088,16,16,1,9,70,10,15,0
1089,4,4,0,9,70,10,15,0
1090,4,10,0,9,70,10,15,0
1091,4,16,0,9,70,10,15,0
1092,10,4,0,9,70,10,15,0
1093,10,10,0,9,70,10,15,0
1094,10,16,0,9,70,10,15,0
1095,16,4,0,9,70,10,15,0
1096,16,10,0,9,70,10,15,0
1097,16,16,0,9,70,10,15,0
1098,4,4,1,10,70,10,15,0
1099,4,10,1,10,70,10,15,0
1100,4,16,1,10,70,10,15,0
1101,10,4,1,10,70,10,15,0
1102,10,10,1,10,70,10,15,0
1103,10,16,1,10,70,10,15,0
1104,16,4,1,10,70,10,15,0
1105,16,10,1,10,70,10,15,0
1106,16,16,1,10,70,10,15,0
1107,4,4,0,10,70,10,15,0
1108,4,10,0,10,70,10,15,0
1109,4,16,0,10,70,10,15,0
1110,10,4,0,10,70,10,15,0
1111,10,10,0,10,70,10,15,0
1112,10,16,0,10,70,10,15,0
1113,16,4,0,10,70,10,15,0
1114,16,10,0,10,70,10,15,0
1115,16,16,0,10,70,10,15,0
1116,4,4,1,11,70,10,15,0
1117,4,10,1,11,70,10,15,0
1118,4,16,1,11,70,10,15,0
1119,10,4,1,11,70,10,15,0
1120,10,10,1,11,70,10,15,0
1121,10,16,1,11,70,10,15,0
1122,16,4,1,11,70,10,15,0
1123,16,10,1,11,70,10,15,0
1124,16,16,1,11,70,10,15,0
1125,4,4,0,11,70,10,15,0
1126,4,10,0,11,70,10,15,0
1127,4,16,0,11,70,10,15,0
1128,10,4,0,11,70,10,15,0
1129,10,10,0,11,70,10,15,0
1130,10,16,0,11,70,10,15,0
1131,16,4,0,11,70,10,15,0
1132,16,10,0,11,70,10,15,0
1133,16,16,0,11,70,10,15,0
1134,4,4,1,9,30,20,15,0
1135,4,10,1,9,30,20,15,0
1136,4,16,1,9,30,20,15,0
1137,10,4,1,9,30,20,15,0
1138,10,10,1,9,30,20,15,0
1139,10,16,1,9,30,20,15,0
1140,16,4,1,9,30,20,15,0
1141,16,10,1,9,30,20,15,0
1142,16,16,1,9,30,20,15,0
1143,4,4,0,9,30,20,15,0
1144,4,10,0,9,30,20,15,0
1145,4,16,0,9,30,20,15,0
1146,10,4,0,9,30,20,15,0
1147,10,10,0,9,30,20,15,0
1148,10,16,0,9,30,20,15,0
1149,16,4,0,9,30,20,15,0
1150,16,10,0,9,30,20,15,0
1151,16,16,0,9,30,20,15,0
1152,4,4,1,10,30,20,15,0
1153,4,10,1,10,30,20,15,0
1154,4,16,1,10,30,20,15,0
1155,10,4,1,10,30,20,15,0
1156,10,10,1,10,30,20,15,0
1157,10,16,1,10,30,20,15,0
1158,16,4,1,10,30,20,15,0
1159,16,10,1,10,30,20,15,0
1160,16,16,1,10,30,20,15,0
1161,4,4,0,10,30,20,15,0
1162,4,10,0,10,30,20,15,0
1163,4,16,0,10,30,20,15,0
1164,10,4,0,10,30,20,15,0
1165,10,10,0,10,30,20,15,0
1166,10,16,0,10,30,20,15,0
1167,16,4,0,10,30,20,15,0
1168,16,10,0,10,30,20,15,0
1169,16,16,0,10,30,20,15,0
1170,4,4,1,11,30,20,15,0
1171,4,10,1,11,30,20,15,0
1172,4,16,1,11,30,20,15,0
1173,10,4,1,11,30,20,15,0
1174,10,10,1,11,30,20,15,0
1175,10,16,1,11,30,20,15,0
1176,16,4,1,11,30,20,15,0
1177,16,10,1,11,30,20,15,0
1178,16,16,1,11,30,20,15,0
1179,4,4,0,11,30,20,15,0
1180,4,10,0,11,30,20,15,0
1181,4,16,0,11,30,20,15,0
1182,10,4,0,11,30,20,15,0
1183,10,10,0,11,30,20,15,0
1184,10,16,0,11,30,20,15,0
1185,16,4,0,11,30,20,15,0
1186,16,10,0,11,30,20,15,0
1187,16,16,0,11,30,20,15,0
1188,4,4,1,9,50,20,15,0
1189,4,10,1,9,50,20,15,0
1190,4,16,1,9,50,20,15,0
1191,10,4,1,9,50,20,15,0
1192,10,10,1,9,50,20,15,0
1193,10,16,1,9,50,20,15,0
1194,16,4,1,9,50,20,15,0
1195,16,10,1,9,50,20,15,0
1196,16,16,1,9,50,20,15,0
1197,4,4,0,9,50,20,15,0
1198,4,10,0,9,50,20,15,0
1199,4,16,0,9,50,20,15,0
1200,10,4,0,9,50,20,15,0
1201,10,10,0,9,50,20,15,0
1202,10,16,0,9,50,20,15,0
1203,16,4,0,9,50,20,15,0
1204,16,10,0,9,50,20,15,0
1205,16,16,0,9,50,20,15,0
1206,4,4,1,10,50,20,15,0
1207,4,10,1,10,50,20,15,0
1208,4,16,1,10,50,20,15,0
1209,10,4,1,10,50,20,15,0
1210,10,10,1,10,50,20,15,0
1211,10,16,1,10,50,20,15,0
1212,16,4,1,10,50,20,15,0
1213,16,10,1,10,50,20,15,0
1214,16,16,1,10,50,20,15,0
1215,4,4,0,10,50,20,15,0
1216,4,10,0,10,50,20,15,0
1217,4,16,0,10,50,20,15,0
1218,10,4,0,10,50,20,15,0
1219,10,10,0,10,50,20,15,0
1220,10,16,0,10,50,20,15,0
1221,16,4,0,10,50,20,15,0
1222,16,10,0,10,50,20,15,0
1223,16,16,0,10,50,20,15,0
1224,4,4,1,11,50,20,15,0
1225,4,10,1,11,50,20,15,0
1226,4,16,1,11,50,20,15,0
1227,10,4,1,11,50,20,15,0
1228,10,10,1,11,50,20,15,0
1229,10,16,1,11,50,20,15,0
1230,16,4,1,11,50,20,15,0
1231,16,10,1,11,50,20,15,0
1232,16,16,1,11,50,20,15,0
1233,4,4,0,11,50,20,15,0
1234,4,10,0,11,50,20,15,0
1235,4,16,0,11,50,20,15,0
1236,10,4,0,11,50,20,15,0
1237,10,10,0,11,50,20,15,0
1238,10,16,0,11,50,20,15,0
1239,16,4,0,11,50,20,15,0
1240,16,10,0,11,50,20,15,0
1241,16,16,0,11,50,20,15,0
1242,4,4,1,9,70,20,15,0
1243,4,10,1,9,70,20,15,0
1244,4,16,1,9,70,20,15,0
1245,10,4,1,9,70,20,15,0
1246,10,10,1,9,70,20,15,0
1247,10,16,1,9,70,20,15,0
1248,16,4,1,9,70,20,15,0
1249,16,10,1,9,70,20,15,0
1250,16,16,1,9,70,20,15,0
1251,4,4,0,9,70,20,15,0
1252,4,10,0,9,70,20,15,0
1253,4,16,0,9,70,20,15,0
1254,10,4,0,9,70,20,15,0
1255,10,10,0,9,70,20,15,0
1256,10,16,0,9,70,20,15,0
1257,16,4,0,9,70,20,15,0
1258,16,10,0,9,70,20,15,0
1259,16,16,0,9,70,20,15,0
1260,4,4,1,10,70,20,15,0
1261,4,10,1,10,70,20,15,0
1262,4,16,1,10,70,20,15,0
1263,10,4,1,10,70,20,15,0
1264,10,10,1,10,70,20,15,0
1265,10,16,1,10,70,20,15,0
1266,16,4,1,10,70,20,15,0
1267,16,10,1,10,70,20,15,0
1268,16,16,1,10,70,20,15,0
1269,4,4,0,10,70,20,15,0
1270,4,10,0,10,70,20,15,0
1271,4,16,0,10,70,20,15,0
1272,10,4,0,10,70,20,15,0
1273,10,10,0,10,70,20,15,0
1274,10,16,0,10,70,20,15,0
1275,16,4,0,10,70,20,15,0
1276,16,10,0,10,70,20,15,0
1277,16,16,0,10,70,20,15,0
1278,4,4,1,11,70,20,15,0
1279,4,10,1,11,70,20,15,0
1280,4,16,1,11,70,20,15,0
1281,10,4,1,11,70,20,15,0
1282,10,10,1,11,70,20,15,0
1283,10,16,1,11,70,20,15,0
1284,16,4,1,11,70,20,15,0
1285,16,10,1,11,70,20,15,0
1286,16,16,1,11,70,20,15,0
1287,4,4,0,11,70,20,15,0
1288,4,10,0,11,70,20,15,0
1289,4,16,0,11,70,20,15,0
1290,10,4,0,11,70,20,15,0
1291,10,10,0,11,70,20,15,0
1292,10,16,0,11,70,20,15,0
1293,16,4,0,11,70,20,15,0
1294,16,10,0,11,70,20,15,0
1295,16,16,0,11,70,20,15,0
1296,4,4,1,9,30,30,15,0
1297,4,10,1,9,30,30,15,0
1298,4,16,1,9,30,30,15,0
1299,10,4,1,9,30,30,15,0
1300,10,10,1,9,30,30,15,0
1301,10,16,1,9,30,30,15,0
1302,16,4,1,9,30,30,15,0
1303,16,10,1,9,30,30,15,0
1304,16,16,1,9,30,30,15,0
1305,4,4,0,9,30,30,15,0
1306,4,10,0,9,30,30,15,0
1307,4,16,0,9,30,30,15,0
1308,10,4,0,9,30,30,15,0
1309,10,10,0,9,30,30,15,0
1310,10,16,0,9,30,30,15,0
1311,16,4,0,9,30,30,15,0
1312,16,10,0,9,30,30,15,0
1313,16,16,0,9,30,30,15,0
1314,4,4,1,10,30,30,15,0
1315,4,10,1,10,30,30,15,0
1316,4,16,1,10,30,30,15,0
1317,10,4,1,10,30,30,15,0
1318,10,10,1,10,30,30,15,0
1319,10,16,1,10,30,30,15,0
1320,16,4,1,10,30,30,15,0
1321,16,10,1,10,30,30,15,0
1322,16,16,1,10,30,30,15,0
1323,4,4,0,10,30,30,15,0
1324,4,10,0,10,30,30,15,0
1325,4,16,0,10,30,30,15,0
1326,10,4,0,10,30,30,15,0
1327,10,10,0,10,30,30,15,0
1328,10,16,0,10,30,30,15,0
1329,16,4,0,10,30,30,15,0
1330,16,10,0,10,30,30,15,0
1331,16,16,0,10,30,30,15,0
1332,4,4,1,11,30,30,15,0
1333,4,10,1,11,30,30,15,0
1334,4,16,1,11,30,30,15,0
1335,10,4,1,11,30,30,15,0
1336,10,10,1,11,30,30,15,0
1337,10,16,1,11,30,30,15,0
1338,16,4,1,11,30,30,15,0
1339,16,10,1,11,30,30,15,0
1340,16,16,1,11,30,30,15,0
1341,4,4,0,11,30,30,15,0
1342,4,10,0,11,30,30,15,0
1343,4,16,0,11,30,30,15,0
1344,10,4,0,11,30,30,15,0
1345,10,10,0,11,30,30,15,0
1346,10,16,0,11,30,30,15,0
1347,16,4,0,11,30,30,15,0
1348,16,10,0,11,30,30,15,0
1349,16,16,0,11,30,30,15,0
1350,4,4,1,9,50,30,15,0
1351,4,10,1,9,50,30,15,0
1352,4,16,1,9,50,30,15,0
1353,10,4,1,9,50,30,15,0
1354,10,10,1,9,50,30,15,0
1355,10,16,1,9,50,30,15,0
1356,16,4,1,9,50,30,15,0
1357,16,10,1,9,50,30,15,0
1358,16,16,1,9,50,30,15,0
1359,4,4,0,9,50,30,15,0
1360,4,10,0,9,50,30,15,0
1361,4,16,0,9,50,30,15,0
1362,10,4,0,9,50,30,15,0
1363,10,10,0,9,50,30,15,0
1364,10,16,0,9,50,30,15,0
1365,16,4,0,9,50,30,15,0
1366,16,10,0,9,50,30,15,0
1367,16,16,0,9,50,30,15,0
1368,4,4,1,10,50,30,15,0
1369,4,10,1,10,50,30,15,0
1370,4,16,1,10,50,30,15,0
1371,10,4,1,10,50,30,15,0
1372,10,10,1,10,50,30,15,0
1373,10,16,1,10,50,30,15,0
1374,16,4,1,10,50,30,15,0
1375,16,10,1,10,50,30,15,0
1376,16,16,1,10,50,30,15,0
1377,4,4,0,10,50,30,15,0
1378,4,10,0,10,50,30,15,0
1379,4,16,0,10,50,30,15,0
1380,10,4,0,10,50,30,15,0
1381,10,10,0,10,50,30,15,0
1382,10,16,0,10,50,30,15,0
1383,16,4,0,10,50,30,15,0
1384,16,10,0,10,50,30,15,0
1385,16,16,0,10,50,30,15,0
1386,4,4,1,11,50,30,15,0
1387,4,10,1,11,50,30,15,0
1388,4,16,1,11,50,30,15,0
1389,10,4,1,11,50,30,15,0
1390,10,10,1,11,50,30,15,0
1391,10,16,1,11,50,30,15,0
1392,16,4,1,11,50,30,15,0
1393,16,10,1,11,50,30,15,0
1394,16,16,1,11,50,30,15,0
1395,4,4,0,11,50,30,15,0
1396,4,10,0,11,50,30,15,0
1397,4,16,0,11,50,30,15,0
1398,10,4,0,11,50,30,15,0
1399,10,10,0,11,50,30,15,0
1400,10,16,0,11,50,30,15,0
1401,16,4,0,11,50,30,15,0
1402,16,10,0,11,50,30,15,0
1403,16,16,0,11,50,30,15,0
1404,4,4,1,9,70,30,15,0
1405,4,10,1,9,70,30,15,0
1406,4,16,1,9,70,30,15,0
1407,10,4,1,9,70,30,15,0
1408,10,10,1,9,70,30,15,0
1409,10,16,1,9,70,30,15,0
1410,16,4,1,9,70,30,15,0
1411,16,10,1,9,70,30,15,0
1412,16,16,1,9,70,30,15,0
1413,4,4,0,9,70,30,15,0
1414,4,10,0,9,70,30,15,0
1415,4,16,0,9,70,30,15,0
1416,10,4,0,9,70,30,15,0
1417,10,10,0,9,70,30,15,0
1418,10,16,0,9,70,30,15,0
1419,16,4,0,9,70,30,15,0
1420,16,10,0,9,70,30,15,0
1421,16,16,0,9,70,30,15,0
1422,4,4,1,10,70,30,15,0
1423,4,10,1,10,70,30,15,0
1424,4,16,1,10,70,30,15,0
1425,10,4,1,10,70,30,15,0
1426,10,10,1,10,70,30,15,0
1427,10,16,1,10,70,30,15,0
1428,16,4,1,10,70,30,15,0
1429,16,10,1,10,70,30,15,0
1430,16,16,1,10,70,30,15,0
1431,4,4,0,10,70,30,15,0
1432,4,10,0,10,70,30,15,0
1433,4,16,0,10,70,30,15,0
1434,10,4,0,10,70,30,15,0
1435,10,10,0,10,70,30,15,0
1436,10,16,0,10,70,30,15,0
1437,16,4,0,10,70,30,15,0
1438,16,10,0,10,70,30,15,0
1439,16,16,0,10,70,30,15,0
1440,4,4,1,11,70,30,15,0
1441,4,10,1,11,70,30,15,0
1442,4,16,1,11,70,30,15,0
1443,10,4,1,11,70,30,15,0
1444,10,10,1,11,70,30,15,0
1445,10,16,1,11,70,30,15,0
1446,16,4,1,11,70,30,15,0
1447,16,10,1,11,70,30,15,0
1448,16,16,1,11,70,30,15,0
1449,4,4,0,11,70,30,15,0
1450,4,10,0,11,70,30,15,0
1451,4,16,0,11,70,30,15,0
1452,10,4,0,11,70,30,15,0
1453,10,10,0,11,70,30,15,0
1454,10,16,0,11,70,30,15,0
1455,16,4,0,11,70,30,15,0
1456,16,10,0,11,70,30,15,0
1457,16,16,0,11,70,30,15,0
1458,4,4,1,9,30,10,5,1
1459,4,10,1,9,30,10,5,1
1460,4,16,1,9,30,10,5,1
1461,10,4,1,9,30,10,5,1
1462,10,10,1,9,30,10,5,1
1463,10,16,1,9,30,10,5,1
1464,16,4,1,9,30,10,5,1
1465,16,10,1,9,30,10,5,1
1466,16,16,1,9,30,10,5,1
1467,4,4,0,9,30,10,5,1
1468,4,10,0,9,30,10,5,1
1469,4,16,0,9,30,10,5,1
1470,10,4,0,9,30,10,5,1
1471,10,10,0,9,30,10,5,1
1472,10,16,0,9,30,10,5,1
1473,16,4,0,9,30,10,5,1
1474,16,10,0,9,30,10,5,1
1475,16,16,0,9,30,10,5,1
1476,4,4,1,10,30,10,5,1
1477,4,10,1,10,30,10,5,1
1478,4,16,1,10,30,10,5,1
1479,10,4,1,10,30,10,5,1
1480,10,10,1,10,30,10,5,1
1481,10,16,1,10,30,10,5,1
1482,16,4,1,10,30,10,5,1
1483,16,10,1,10,30,10,5,1
1484,16,16,1,10,30,10,5,1
1485,4,4,0,10,30,10,5,1
1486,4,10,0,10,30,10,5,1
1487,4,16,0,10,30,10,5,1
1488,10,4,0,10,30,10,5,1
1489,10,10,0,10,30,10,5,1
1490,10,16,0,10,30,10,5,1
1491,16,4,0,10,30,10,5,1
1492,16,10,0,10,30,10,5,1
1493,16,16,0,10,30,10,5,1
1494,4,4,1,11,30,10,5,1
1495,4,10,1,11,30,10,5,1
1496,4,16,1,11,30,10,5,1
1497,10,4,1,11,30,10,5,1
1498,10,10,1,11,30,10,5,1
1499,10,16,1,11,30,10,5,1
1500,16,4,1,11,30,10,5,1
1501,16,10,1,11,30,10,5,1
1502,16,16,1,11,30,10,5,1
1503,4,4,0,11,30,10,5,1
1504,4,10,0,11,30,10,5,1
1505,4,16,0,11,30,10,5,1
1506,10,4,0,11,30,10,5,1
1507,10,10,0,11,30,10,5,1
1508,10,16,0,11,30,10,5,1
1509,16,4,0,11,30,10,5,1
1510,16,10,0,11,30,10,5,1
1511,16,16,0,11,30,10,5,1
1512,4,4,1,9,50,10,5,1
1513,4,10,1,9,50,10,5,1
1514,4,16,1,9,50,10,5,1
1515,10,4,1,9,50,10,5,1
1516,10,10,1,9,50,10,5,1
1517,10,16,1,9,50,10,5,1
1518,16,4,1,9,50,10,5,1
1519,16,10,1,9,50,10,5,1
1520,16,16,1,9,50,10,5,1
1521,4,4,0,9,50,10,5,1
1522,4,10,0,9,50,10,5,1
1523,4,16,0,9,50,10,5,1
1524,10,4,0,9,50,10,5,1
1525,10,10,0,9,50,10,5,1
1526,10,16,0,9,50,10,5,1
1527,16,4,0,9,50,10,5,1
1528,16,10,0,9,50,10,5,1
1529,16,16,0,9,50,10,5,1
1530,4,4,1,10,50,10,5,1
1531,4,10,1,10,50,10,5,1
1532,4,16,1,10,50,10,5,1
1533,10,4,1,10,50,10,5,1
1534,10,10,1,10,50,10,5,1
1535,10,16,1,10,50,10,5,1
1536,16,4,1,10,50,10,5,1
1537,16,10,1,10,50,10,5,1
1538,16,16,1,10,50,10,5,1
1539,4,4,0,10,50,10,5,1
1540,4,10,0,10,50,10,5,1
1541,4,16,0,10,50,10,5,1
1542,10,4,0,10,50,10,5,1
1543,10,10,0,10,50,10,5,1
1544,10,16,0,10,50,10,5,1
1545,16,4,0,10,50,10,5,1
1546,16,10,0,10,50,10,5,1
1547,16,16,0,10,50,10,5,1
1548,4,4,1,11,50,10,5,1
1549,4,10,1,11,50,10,5,1
1550,4,16,1,11,50,10,5,1
1551,10,4,1,11,50,10,5,1
1552,10,10,1,11,50,10,5,1
1553,10,16,1,11,50,10,5,1
1554,16,4,1,11,50,10,5,1
1555,16,10,1,11,50,10,5,1
1556,16,16,1,11,50,10,5,1
1557,4,4,0,11,50,10,5,1
1558,4,10,0,11,50,10,5,1
1559,4,16,0,11,50,10,5,1
1560,10,4,0,11,50,10,5,1
1561,10,10,0,11,50,10,5,1
1562,10,16,0,11,50,10,5,1
1563,16,4,0,11,50,10,5,1
1564,16,10,0,11,50,10,5,1
1565,16,16,0,11,50,10,5,1
1566,4,4,1,9,70,10,5,1
1567,4,10,1,9,70,10,5,1
1568,4,16,1,9,70,10,5,1
1569,10,4,1,9,70,10,5,1
1570,10,10,1,9,70,10,5,1
1571,10,16,1,9,70,10,5,1
1572,16,4,1,9,70,10,5,1
1573,16,10,1,9,70,10,5,1
1574,16,16,1,9,70,10,5,1
1575,4,4,0,9,70,10,5,1
1576,4,10,0,9,70,10,5,1
1577,4,16,0,9,70,10,5,1
1578,10,4,0,9,70,10,5,1
1579,10,10,0,9,70,10,5,1
1580,10,16,0,9,70,10,5,1
1581,16,4,0,9,70,10,5,1
1582,16,10,0,9,70,10,5,1
1583,16,16,0,9,70,10,5,1
1584,4,4,1,10,70,10,5,1
1585,4,10,1,10,70,10,5,1
1586,4,16,1,10,70,10,5,1
1587,10,4,1,10,70,10,5,1
1588,10,10,1,10,70,10,5,1
1589,10,16,1,10,70,10,5,1
1590,16,4,1,10,70,10,5,1
1591,16,10,1,10,70,10,5,1
1592,16,16,1,10,70,10,5,1
1593,4,4,0,10,70,10,5,1
1594,4,10,0,10,70,10,5,1
1595,4,16,0,10,70,10,5,1
1596,10,4,0,10,70,10,5,1
1597,10,10,0,10,70,10,5,1
1598,10,16,0,10,70,10,5,1
1599,16,4,0,10,70,10,5,1
1600,16,10,0,10,70,10,5,1
1601,16,16,0,10,70,10,5,1
1602,4,4,1,11,70,10,5,1
1603,4,10,1,11,70,10,5,1
1604,4,16,1,11,70,10,5,1
1605,10,4,1,11,70,10,5,1
1606,10,10,1,11,70,10,5,1
1607,10,16,1,11,70,10,5,1
1608,16,4,1,11,70,10,5,1
1609,16,10,1,11,70,10,5,1
1610,16,16,1,11,70,10,5,1
1611,4,4,0,11,70,10,5,1
1612,4,10,0,11,70,10,5,1
1613,4,16,0,11,70,10,5,1
1614,10,4,0,11,70,10,5,1
1615,10,10,0,11,70,10,5,1
1616,10,16,0,11,70,10,5,1
1617,16,4,0,11,70,10,5,1
1618,16,10,0,11,70,10,5,1
1619,16,16,0,11,70,10,5,1
1620,4,4,1,9,30,20,5,1
1621,4,10,1,9,30,20,5,1
1622,4,16,1,9,30,20,5,1
1623,10,4,1,9,30,20,5,1
1624,10,10,1,9,30,20,5,1
1625,10,16,1,9,30,20,5,1
1626,16,4,1,9,30,20,5,1
1627,16,10,1,9,30,20,5,1
1628,16,16,1,9,30,20,5,1
1629,4,4,0,9,30,20,5,1
1630,4,10,0,9,30,20,5,1
1631,4,16,0,9,30,20,5,1
1632,10,4,0,9,30,20,5,1
1633,10,10,0,9,30,20,5,1
1634,10,16,0,9,30,20,5,1
1635,16,4,0,9,30,20,5,1
1636,16,10,0,9,30,20,5,1
1637,16,16,0,9,30,20,5,1
1638,4,4,1,10,30,20,5,1
1639,4,10,1,10,30,20,5,1
1640,4,16,1,10,30,20,5,1
1641,10,4,1,10,30,20,5,1
1642,10,10,1,10,30,20,5,1
1643,10,16,1,10,30,20,5,1
1644,16,4,1,10,30,20,5,1
1645,16,10,1,10,30,20,5,1
1646,16,16,1,10,30,20,5,1
1647,4,4,0,10,30,20,5,1
1648,4,10,0,10,30,20,5,1
1649,4,16,0,10,30,20,5,1
1650,10,4,0,10,30,20,5,1
1651,10,10,0,10,30,20,5,1
1652,10,16,0,10,30,20,5,1
1653,16,4,0,10,30,20,5,1
1654,16,10,0,10,30,20,5,1
1655,16,16,0,10,30,20,5,1
1656,4,4,1,11,30,20,5,1
1657,4,10,1,11,30,20,5,1
1658,4,16,1,11,30,20,5,1
1659,10,4,1,11,30,20,5,1
1660,10,10,1,11,30,20,5,1
1661,10,16,1,11,30,20,5,1
1662,16,4,1,11,30,20,5,1
1663,16,10,1,11,30,20,5,1
1664,16,16,1,11,30,20,5,1
1665,4,4,0,11,30,20,5,1
1666,4,10,0,11,30,20,5,1
1667,4,16,0,11,30,20,5,1
1668,10,4,0,11,30,20,5,1
1669,10,10,0,11,30,20,5,1
1670,10,16,0,11,30,20,5,1
1671,16,4,0,11,30,20,5,1
1672,16,10,0,11,30,20,5,1
1673,16,16,0,11,30,20,5,1
1674,4,4,1,9,50,20,5,1
1675,4,10,1,9,50,20,5,1
1676,4,16,1,9,50,20,5,1
1677,10,4,1,9,50,20,5,1
1678,10,10,1,9,50,20,5,1
1679,10,16,1,9,50,20,5,1
1680,16,4,1,9,50,20,5,1
1681,16,10,1,9,50,20,5,1
1682,16,16,1,9,50,20,5,1
1683,4,4,0,9,50,20,5,1
1684,4,10,0,9,50,20,5,1
1685,4,16,0,9,50,20,5,1
1686,10,4,0,9,50,20,5,1
1687,10,10,0,9,50,20,5,1
1688,10,16,0,9,50,20,5,1
1689,16,4,0,9,50,20,5,1
1690,16,10,0,9,50,20,5,1
1691,16,16,0,9,50,20,5,1
1692,4,4,1,10,50,20,5,1
1693,4,10,1,10,50,20,5,1
1694,4,16,1,10,50,20,5,1
1695,10,4,1,10,50,20,5,1
1696,10,10,1,10,50,20,5,1
1697,10,16,1,10,50,20,5,1
1698,16,4,1,10,50,20,5,1
1699,16,10,1,10,50,20,5,1
1700,16,16,1,10,50,20,5,1
1701,4,4,0,10,50,20,5,1
1702,4,10,0,10,50,20,5,1
1703,4,16,0,10,50,20,5,1
1704,10,4,0,10,50,20,5,1
1705,10,10,0,10,50,20,5,1
1706,10,16,0,10,50,20,5,1
1707,16,4,0,10,50,20,5,1
1708,16,10,0,10,50,20,5,1
1709,16,16,0,10,50,20,5,1
1710,4,4,1,11,50,20,5,1
1711,4,10,1,11,50,20,5,1
1712,4,16,1,11,50,20,5,1
1713,10,4,1,11,50,20,5,1
1714,10,10,1,11,50,20,5,1
1715,10,16,1,11,50,20,5,1
1716,16,4,1,11,50,20,5,1
1717,16,10,1,11,50,20,5,1
1718,16,16,1,11,50,20,5,1
1719,4,4,0,11,50,20,5,1
1720,4,10,0,11,50,20,5,1
1721,4,16,0,11,50,20,5,1
1722,10,4,0,11,50,20,5,1
1723,10,10,0,11,50,20,5,1
1724,10,16,0,11,50,20,5,1
1725,16,4,0,11,50,20,5,1
1726,16,10,0,11,50,20,5,1
1727,16,16,0,11,50,20,5,1
1728,4,4,1,9,70,20,5,1
1729,4,10,1,9,70,20,5,1
1730,4,16,1,9,70,20,5,1
1731,10,4,1,9,70,20,5,1
1732,10,10,1,9,70,20,5,1
1733,10,16,1,9,70,20,5,1
1734,16,4,1,9,70,20,5,1
1735,16,10,1,9,70,20,5,1
1736,16,16,1,9,70,20,5,1
1737,4,4,0,9,70,20,5,1
1738,4,10,0,9,70,20,5,1
1739,4,16,0,9,70,20,5,1
1740,10,4,0,9,70,20,5,1
1741,10,10,0,9,70,20,5,1
1742,10,16,0,9,70,20,5,1
1743,16,4,0,9,70,20,5,1
1744,16,10,0,9,70,20,5,1
1745,16,16,0,9,70,20,5,1
1746,4,4,1,10,70,20,5,1
1747,4,10,1,10,70,20,5,1
1748,4,16,1,10,70,20,5,1
1749,10,4,1,10,70,20,5,1
1750,10,10,1,10,70,20,5,1
1751,10,16,1,10,70,20,5,1
1752,16,4,1,10,70,20,5,1
1753,16,10,1,10,70,20,5,1
1754,16,16,1,10,70,20,5,1
1755,4,4,0,10,70,20,5,1
1756,4,10,0,10,70,20,5,1
1757,4,16,0,10,70,20,5,1
1758,10,4,0,10,70,20,5,1
1759,10,10,0,10,70,20,5,1
1760,10,16,0,10,70,20,5,1
1761,16,4,0,10,70,20,5,1
1762,16,10,0,10,70,20,5,1
1763,16,16,0,10,70,20,5,1
1764,4,4,1,11,70,20,5,1
1765,4,10,1,11,70,20,5,1
1766,4,16,1,11,70,20,5,1
1767,10,4,1,11,70,20,5,1
1768,10,10,1,11,70,20,5,1
1769,10,16,1,11,70,20,5,1
1770,16,4,1,11,70,20,5,1
1771,16,10,1,11,70,20,5,1
1772,16,16,1,11,70,20,5,1
1773,4,4,0,11,70,20,5,1
1774,4,10,0,11,70,20,5,1
1775,4,16,0,11,70,20,5,1
1776,10,4,0,11,70,20,5,1
1777,10,10,0,11,70,20,5,1
1778,10,16,0,11,70,20,5,1
1779,16,4,0,11,70,20,5,1
1780,16,10,0,11,70,20,5,1
1781,16,16,0,11,70,20,5,1
1782,4,4,1,9,30,30,5,1
1783,4,10,1,9,30,30,5,1
1784,4,16,1,9,30,30,5,1
1785,10,4,1,9,30,30,5,1
1786,10,10,1,9,30,30,5,1
1787,10,16,1,9,30,30,5,1
1788,16,4,1,9,30,30,5,1
1789,16,10,1,9,30,30,5,1
1790,16,16,1,9,30,30,5,1
1791,4,4,0,9,30,30,5,1
1792,4,10,0,9,30,30,5,1
1793,4,16,0,9,30,30,5,1
1794,10,4,0,9,30,30,5,1
1795,10,10,0,9,30,30,5,1
1796,10,16,0,9,30,30,5,1
1797,16,4,0,9,30,30,5,1
1798,16,10,0,9,30,30,5,1
1799,16,16,0,9,30,30,5,1
1800,4,4,1,10,30,30,5,1
1801,4,10,1,10,30,30,5,1
1802,4,16,1,10,30,30,5,1
1803,10,4,1,10,30,30,5,1
1804,10,10,1,10,30,30,5,1
1805,10,16,1,10,30,30,5,1
1806,16,4,1,10,30,30,5,1
1807,16,10,1,10,30,30,5,1
1808,16,16,1,10,30,30,5,1
1809,4,4,0,10,30,30,5,1
1810,4,10,0,10,30,30,5,1
1811,4,16,0,10,30,30,5,1
1812,10,4,0,10,30,30,5,1
1813,10,10,0,10,30,30,5,1
1814,10,16,0,10,30,30,5,1
1815,16,4,0,10,30,30,5,1
1816,16,10,0,10,30,30,5,1
1817,16,16,0,10,30,30,5,1
1818,4,4,1,11,30,30,5,1
1819,4,10,1,11,30,30,5,1
1820,4,16,1,11,30,30,5,1
1821,10,4,1,11,30,30,5,1
1822,10,10,1,11,30,30,5,1
1823,10,16,1,11,30,30,5,1
1824,16,4,1,11,30,30,5,1
1825,16,10,1,11,30,30,5,1
1826,16,16,1,11,30,30,5,1
1827,4,4,0,11,30,30,5,1
1828,4,10,0,11,30,30,5,1
1829,4,16,0,11,30,30,5,1
1830,10,4,0,11,30,30,5,1
1831,10,10,0,11,30,30,5,1
1832,10,16,0,11,30,30,5,1
1833,16,4,0,11,30,30,5,1
1834,16,10,0,11,30,30,5,1
1835,16,16,0,11,30,30,5,1
1836,4,4,1,9,50,30,5,1
1837,4,10,1,9,50,30,5,1
1838,4,16,1,9,50,30,5,1
1839,10,4,1,9,50,30,5,1
1840,10,10,1,9,50,30,5,1
1841,10,16,1,9,50,30,5,1
1842,16,4,1,9,50,30,5,1
1843,16,10,1,9,50,30,5,1
1844,16,16,1,9,50,30,5,1
1845,4,4,0,9,50,30,5,1
1846,4,10,0,9,50,30,5,1
1847,4,16,0,9,50,30,5,1
1848,10,4,0,9,50,30,5,1
1849,10,10,0,9,50,30,5,1
1850,10,16,0,9,50,30,5,1
1851,16,4,0,9,50,30,5,1
1852,16,10,0,9,50,30,5,1
1853,16,16,0,9,50,30,5,1
1854,4,4,1,10,50,30,5,1
1855,4,10,1,10,50,30,5,1
1856,4,16,1,10,50,30,5,1
1857,10,4,1,10,50,30,5,1
1858,10,10,1,10,50,30,5,1
1859,10,16,1,10,50,30,5,1
1860,16,4,1,10,50,30,5,1
1861,16,10,1,10,50,30,5,1
1862,16,16,1,10,50,30,5,1
1863,4,4,0,10,50,30,5,1
1864,4,10,0,10,50,30,5,1
1865,4,16,0,10,50,30,5,1
1866,10,4,0,10,50,30,5,1
1867,10,10,0,10,50,30,5,1
1868,10,16,0,10,50,30,5,1
1869,16,4,0,10,50,30,5,1
1870,16,10,0,10,50,30,5,1
1871,16,16,0,10,50,30,5,1
1872,4,4,1,11,50,30,5,1
1873,4,10,1,11,50,30,5,1
1874,4,16,1,11,50,30,5,1
1875,10,4,1,11,50,30,5,1
1876,10,10,1,11,50,30,5,1
1877,10,16,1,11,50,30,5,1
1878,16,4,1,11,50,30,5,1
1879,16,10,1,11,50,30,5,1
1880,16,16,1,11,50,30,5,1
1881,4,4,0,11,50,30,5,1
1882,4,10,0,11,50,30,5,1
1883,4,16,0,11,50,30,5,1
1884,10,4,0,11,50,30,5,1
1885,10,10,0,11,50,30,5,1
1886,10,16,0,11,50,30,5,1
1887,16,4,0,11,50,30,5,1
1888,16,10,0,11,50,30,5,1
1889,16,16,0,11,50,30,5,1
1890,4,4,1,9,70,30,5,1
1891,4,10,1,9,70,30,5,1
1892,4,16,1,9,70,30,5,1
1893,10,4,1,9,70,30,5,1
1894,10,10,1,9,70,30,5,1
1895,10,16,1,9,70,30,5,1
1896,16,4,1,9,70,30,5,1
1897,16,10,1,9,70,30,5,1
1898,16,16,1,9,70,30,5,1
1899,4,4,0,9,70,30,5,1
1900,4,10,0,9,70,30,5,1
1901,4,16,0,9,70,30,5,1
1902,10,4,0,9,70,30,5,1
1903,10,10,0,9,70,30,5,1
1904,10,16,0,9,70,30,5,1
1905,16,4,0,9,70,30,5,1
1906,16,10,0,9,70,30,5,1
1907,16,16,0,9,70,30,5,1
1908,4,4,1,10,70,30,5,1
1909,4,10,1,10,70,30,5,1
1910,4,16,1,10,70,30,5,1
1911,10,4,1,10,70,30,5,1
1912,10,10,1,10,70,30,5,1
1913,10,16,1,10,70,30,5,1
1914,16,4,1,10,70,30,5,1
1915,16,10,1,10,70,30,5,1
1916,16,16,1,10,70,30,5,1
1917,4,4,0,10,70,30,5,1
1918,4,10,0,10,70,30,5,1
1919,4,16,0,10,70,30,5,1
1920,10,4,0,10,70,30,5,1
1921,10,10,0,10,70,30,5,1
1922,10,16,0,10,70,30,5,1
1923,16,4,0,10,70,30,5,1
1924,16,10,0,10,70,30,5,1
1925,16,16,0,10,70,30,5,1
1926,4,4,1,11,70,30,5,1
1927,4,10,1,11,70,30,5,1
1928,4,16,1,11,70,30,5,1
1929,10,4,1,11,70,30,5,1
1930,10,10,1,11,70,30,5,1
1931,10,16,1,11,70,30,5,1
1932,16,4,1,11,70,30,5,1
1933,16,10,1,11,70,30,5,1
1934,16,16,1,11,70,30,5,1
1935,4,4,0,11,70,30,5,1
1936,4,10,0,11,70,30,5,1
1937,4,16,0,11,70,30,5,1
1938,10,4,0,11,70,30,5,1
1939,10,10,0,11,70,30,5,1
1940,10,16,0,11,70,30,5,1
1941,16,4,0,11,70,30,5,1
1942,16,10,0,11,70,30,5,1
1943,16,16,0,11,70,30,5,1
1944,4,4,1,9,30,10,10,1
1945,4,10,1,9,30,10,10,1
1946,4,16,1,9,30,10,10,1
1947,10,4,1,9,30,10,10,1
1948,10,10,1,9,30,10,10,1
1949,10,16,1,9,30,10,10,1
1950,16,4,1,9,30,10,10,1
1951,16,10,1,9,30,10,10,1
1952,16,16,1,9,30,10,10,1
1953,4,4,0,9,30,10,10,1
1954,4,10,0,9,30,10,10,1
1955,4,16,0,9,30,10,10,1
1956,10,4,0,9,30,10,10,1
1957,10,10,0,9,30,10,10,1
1958,10,16,0,9,30,10,10,1
1959,16,4,0,9,30,10,10,1
1960,16,10,0,9,30,10,10,1
1961,16,16,0,9,30,10,10,1
1962,4,4,1,10,30,10,10,1
1963,4,10,1,10,30,10,10,1
1964,4,16,1,10,30,10,10,1
1965,10,4,1,10,30,10,10,1
1966,10,10,1,10,30,10,10,1
1967,10,16,1,10,30,10,10,1
1968,16,4,1,10,30,10,10,1
1969,16,10,1,10,30,10,10,1
1970,16,16,1,10,30,10,10,1
1971,4,4,0,10,30,10,10,1
1972,4,10,0,10,30,10,10,1
1973,4,16,0,10,30,10,10,1
1974,10,4,0,10,30,10,10,1
1975,10,10,0,10,30,10,10,1
1976,10,16,0,10,30,10,10,1
1977,16,4,0,10,30,10,10,1
1978,16,10,0,10,30,10,10,1
1979,16,16,0,10,30,10,10,1
1980,4,4,1,11,30,10,10,1
1981,4,10,1,11,30,10,10,1
1982,4,16,1,11,30,10,10,1
1983,10,4,1,11,30,10,10,1
1984,10,10,1,11,30,10,10,1
1985,10,16,1,11,30,10,10,1
1986,16,4,1,11,30,10,10,1
1987,16,10,1,11,30,10,10,1
1988,16,16,1,11,30,10,10,1
1989,4,4,0,11,30,10,10,1
1990,4,10,0,11,30,10,10,1
1991,4,16,0,11,30,10,10,1
1992,10,4,0,11,30,10,10,1
1993,10,10,0,11,30,10,10,1
1994,10,16,0,11,30,10,10,1
1995,16,4,0,11,30,10,10,1
1996,16,10,0,11,30,10,10,1
1997,16,16,0,11,30,10,10,1
1998,4,4,1,9,50,10,10,1
1999,4,10,1,9,50,10,10,1
2000,4,16,1,9,50,10,10,1
2001,10,4,1,9,50,10,10,1
2002,10,10,1,9,50,10,10,1
2003,10,16,1,9,50,10,10,1
2004,16,4,1,9,50,10,10,1
2005,16,10,1,9,50,10,10,1
2006,16,16,1,9,50,10,10,1
2007,4,4,0,9,50,10,10,1
2008,4,10,0,9,50,10,10,1
2009,4,16,0,9,50,10,10,1
2010,10,4,0,9,50,10,10,1
2011,10,10,0,9,50,10,10,1
2012,10,16,0,9,50,10,10,1
2013,16,4,0,9,50,10,10,1
2014,16,10,0,9,50,10,10,1
2015,16,16,0,9,50,10,10,1
2016,4,4,1,10,50,10,10,1
2017,4,10,1,10,50,10,10,1
2018,4,16,1,10,50,10,10,1
2019,10,4,1,10,50,10,10,1
2020,10,10,1,10,50,10,10,1
2021,10,16,1,10,50,10,10,1
2022,16,4,1,10,50,10,10,1
2023,16,10,1,10,50,10,10,1
2024,16,16,1,10,50,10,10,1
2025,4,4,0,10,50,10,10,1
2026,4,10,0,10,50,10,10,1
2027,4,16,0,10,50,10,10,1
2028,10,4,0,10,50,10,10,1
2029,10,10,0,10,50,10,10,1
2030,10,16,0,10,50,10,10,1
2031,16,4,0,10,50,10,10,1
2032,16,10,0,10,50,10,10,1
2033,16,16,0,10,50,10,10,1
2034,4,4,1,11,50,10,10,1
2035,4,10,1,11,50,10,10,1
2036,4,16,1,11,50,10,10,1
2037,10,4,1,11,50,10,10,1
2038,10,10,1,11,50,10,10,1
2039,10,16,1,11,50,10,10,1
2040,16,4,1,11,50,10,10,1
2041,16,10,1,11,50,10,10,1
2042,16,16,1,11,50,10,10,1
2043,4,4,0,11,50,10,10,1
2044,4,10,0,11,50,10,10,1
2045,4,16,0,11,50,10,10,1
2046,10,4,0,11,50,10,10,1
2047,10,10,0,11,50,10,10,1
2048,10,16,0,11,50,10,10,1
2049,16,4,0,11,50,10,10,1
2050,16,10,0,11,50,10,10,1
2051,16,16,0,11,50,10,10,1
2052,4,4,1,9,70,10,10,1
2053,4,10,1,9,70,10,10,1
2054,4,16,1,9,70,10,10,1
2055,10,4,1,9,70,10,10,1
2056,10,10,1,9,70,10,10,1
2057,10,16,1,9,70,10,10,1
2058,16,4,1,9,70,10,10,1
2059,16,10,1,9,70,10,10,1
2060,16,16,1,9,70,10,10,1
2061,4,4,0,9,70,10,10,1
2062,4,10,0,9,70,10,10,1
2063,4,16,0,9,70,10,10,1
2064,10,4,0,9,70,10,10,1
2065,10,10,0,9,70,10,10,1
2066,10,16,0,9,70,10,10,1
2067,16,4,0,9,70,10,10,1
2068,16,10,0,9,70,10,10,1
2069,16,16,0,9,70,10,10,1
2070,4,4,1,10,70,10,10,1
2071,4,10,1,10,70,10,10,1
2072,4,16,1,10,70,10,10,1
2073,10,4,1,10,70,10,10,1
2074,10,10,1,10,70,10,10,1
2075,10,16,1,10,70,10,10,1
2076,16,4,1,10,70,10,10,1
2077,16,10,1,10,70,10,10,1
2078,16,16,1,10,70,10,10,1
2079,4,4,0,10,70,10,10,1
2080,4,10,0,10,70,10,10,1
2081,4,16,0,10,70,10,10,1
2082,10,4,0,10,70,10,10,1
2083,10,10,0,10,70,10,10,1
2084,10,16,0,10,70,10,10,1
2085,16,4,0,10,70,10,10,1
2086,16,10,0,10,70,10,10,1
2087,16,16,0,10,70,10,10,1
2088,4,4,1,11,70,10,10,1
2089,4,10,1,11,70,10,10,1
2090,4,16,1,11,70,10,10,1
2091,10,4,1,11,70,10,10,1
2092,10,10,1,11,70,10,10,1
2093,10,16,1,11,70,10,10,1
2094,16,4,1,11,70,10,10,1
2095,16,10,1,11,70,10,10,1
2096,16,16,1,11,70,10,10,1
2097,4,4,0,11,70,10,10,1
2098,4,10,0,11,70,10,10,1
2099,4,16,0,11,70,10,10,1
2100,10,4,0,11,70,10,10,1
2101,10,10,0,11,70,10,10,1
2102,10,16,0,11,70,10,10,1
2103,16,4,0,11,70,10,10,1
2104,16,10,0,11,70,10,10,1
2105,16,16,0,11,70,10,10,1
2106,4,4,1,9,30,20,10,1
2107,4,10,1,9,30,20,10,1
2108,4,16,1,9,30,20,10,1
2109,10,4,1,9,30,20,10,1
2110,10,10,1,9,30,20,10,1
2111,10,16,1,9,30,20,10,1
2112,16,4,1,9,30,20,10,1
2113,16,10,1,9,30,20,10,1
2114,16,16,1,9,30,20,10,1
2115,4,4,0,9,30,20,10,1
2116,4,10,0,9,30,20,10,1
2117,4,16,0,9,30,20,10,1
2118,10,4,0,9,30,20,10,1
2119,10,10,0,9,30,20,10,1
2120,10,16,0,9,30,20,10,1
2121,16,4,0,9,30,20,10,1
2122,16,10,0,9,30,20,10,1
2123,16,16,0,9,30,20,10,1
2124,4,4,1,10,30,20,10,1
2125,4,10,1,10,30,20,10,1
2126,4,16,1,10,30,20,10,1
2127,10,4,1,10,30,20,10,1
2128,10,10,1,10,30,20,10,1
2129,10,16,1,10,30,20,10,1
2130,16,4,1,10,30,20,10,1
2131,16,10,1,10,30,20,10,1
2132,16,16,1,10,30,20,10,1
2133,4,4,0,10,30,20,10,1
2134,4,10,0,10,30,20,10,1
2135,4,16,0,10,30,20,10,1
2136,10,4,0,10,30,20,10,1
2137,10,10,0,10,30,20,10,1
2138,10,16,0,10,30,20,10,1
2139,16,4,0,10,30,20,10,1
2140,16,10,0,10,30,20,10,1
2141,16,16,0,10,30,20,10,1
2142,4,4,1,11,30,20,10,1
2143,4,10,1,11,30,20,10,1
2144,4,16,1,11,30,20,10,1
2145,10,4,1,11,30,20,10,1
2146,10,10,1,11,30,20,10,1
2147,10,16,1,11,30,20,10,1
2148,16,4,1,11,30,20,10,1
2149,16,10,1,11,30,20,10,1
2150,16,16,1,11,30,20,10,1
2151,4,4,0,11,30,20,10,1
2152,4,10,0,11,30,20,10,1
2153,4,16,0,11,30,20,10,1
2154,10,4,0,11,30,20,10,1
2155,10,10,0,11,30,20,10,1
2156,10,16,0,11,30,20,10,1
2157,16,4,0,11,30,20,10,1
2158,16,10,0,11,30,20,10,1
2159,16,16,0,11,30,20,10,1
2160,4,4,1,9,50,20,10,1
2161,4,10,1,9,50,20,10,1
2162,4,16,1,9,50,20,10,1
2163,10,4,1,9,50,20,10,1
2164,10,10,1,9,50,20,10,1
2165,10,16,1,9,50,20,10,1
2166,16,4,1,9,50,20,10,1
2167,16,10,1,9,50,20,10,1
2168,16,16,1,9,50,20,10,1
2169,4,4,0,9,50,20,10,1
2170,4,10,0,9,50,20,10,1
2171,4,16,0,9,50,20,10,1
2172,10,4,0,9,50,20,10,1
2173,10,10,0,9,50,20,10,1
2174,10,16,0,9,50,20,10,1
2175,16,4,0,9,50,20,10,1
2176,16,10,0,9,50,20,10,1
2177,16,16,0,9,50,20,10,1
2178,4,4,1,10,50,20,10,1
2179,4,10,1,10,50,20,10,1
2180,4,16,1,10,50,20,10,1
2181,10,4,1,10,50,20,10,1
2182,10,10,1,10,50,20,10,1
2183,10,16,1,10,50,20,10,1
2184,16,4,1,10,50,20,10,1
2185,16,10,1,10,50,20,10,1
2186,16,16,1,10,50,20,10,1
2187,4,4,0,10,50,20,10,1
2188,4,10,0,10,50,20,10,1
2189,4,16,0,10,50,20,10,1
2190,10,4,0,10,50,20,10,1
2191,10,10,0,10,50,20,10,1
2192,10,16,0,10,50,20,10,1
2193,16,4,0,10,50,20,10,1
2194,16,10,0,10,50,20,10,1
2195,16,16,0,10,50,20,10,1
2196,4,4,1,11,50,20,10,1
2197,4,10,1,11,50,20,10,1
2198,4,16,1,11,50,20,10,1
2199,10,4,1,11,50,20,10,1
2200,10,10,1,11,50,20,10,1
2201,10,16,1,11,50,20,10,1
2202,16,4,1,11,50,20,10,1
2203,16,10,1,11,50,20,10,1
2204,16,16,1,11,50,20,10,1
2205,4,4,0,11,50,20,10,1
2206,4,10,0,11,50,20,10,1
2207,4,16,0,11,50,20,10,1
2208,10,4,0,11,50,20,10,1
2209,10,10,0,11,50,20,10,1
2210,10,16,0,11,50,20,10,1
2211,16,4,0,11,50,20,10,1
2212,16,10,0,11,50,20,10,1
2213,16,16,0,11,50,20,10,1
2214,4,4,1,9,70,20,10,1
2215,4,10,1,9,70,20,10,1
2216,4,16,1,9,70,20,10,1
2217,10,4,1,9,70,20,10,1
2218,10,10,1,9,70,20,10,1
2219,10,16,1,9,70,20,10,1
2220,16,4,1,9,70,20,10,1
2221,16,10,1,9,70,20,10,1
2222,16,16,1,9,70,20,10,1
2223,4,4,0,9,70,20,10,1
2224,4,10,0,9,70,20,10,1
2225,4,16,0,9,70,20,10,1
2226,10,4,0,9,70,20,10,1
2227,10,10,0,9,70,20,10,1
2228,10,16,0,9,70,20,10,1
2229,16,4,0,9,70,20,10,1
2230,16,10,0,9,70,20,10,1
2231,16,16,0,9,70,20,10,1
2232,4,4,1,10,70,20,10,1
2233,4,10,1,10,70,20,10,1
2234,4,16,1,10,70,20,10,1
2235,10,4,1,10,70,20,10,1
2236,10,10,1,10,70,20,10,1
2237,10,16,1,10,70,20,10,1
2238,16,4,1,10,70,20,10,1
2239,16,10,1,10,70,20,10,1
2240,16,16,1,10,70,20,10,1
2241,4,4,0,10,70,20,10,1
2242,4,10,0,10,70,20,10,1
2243,4,16,0,10,70,20,10,1
2244,10,4,0,10,70,20,10,1
2245,10,10,0,10,70,20,10,1
2246,10,16,0,10,70,20,10,1
2247,16,4,0,10,70,20,10,1
2248,16,10,0,10,70,20,10,1
2249,16,16,0,10,70,20,10,1
2250,4,4,1,11,70,20,10,1
2251,4,10,1,11,70,20,10,1
2252,4,16,1,11,70,20,10,1
2253,10,4,1,11,70,20,10,1
2254,10,10,1,11,70,20,10,1
2255,10,16,1,11,70,20,10,1
2256,16,4,1,11,70,20,10,1
2257,16,10,1,11,70,20,10,1
2258,16,16,1,11,70,20,10,1
2259,4,4,0,11,70,20,10,1
2260,4,10,0,11,70,20,10,1
2261,4,16,0,11,70,20,10,1
2262,10,4,0,11,70,20,10,1
2263,10,10,0,11,70,20,10,1
2264,10,16,0,11,70,20,10,1
2265,16,4,0,11,70,20,10,1
2266,16,10,0,11,70,20,10,1
2267,16,16,0,11,70,20,10,1
2268,4,4,1,9,30,30,10,1
2269,4,10,1,9,30,30,10,1
2270,4,16,1,9,30,30,10,1
2271,10,4,1,9,30,30,10,1
2272,10,10,1,9,30,30,10,1
2273,10,16,1,9,30,30,10,1
2274,16,4,1,9,30,30,10,1
2275,16,10,1,9,30,30,10,1
2276,16,16,1,9,30,30,10,1
2277,4,4,0,9,30,30,10,1
2278,4,10,0,9,30,30,10,1
2279,4,16,0,9,30,30,10,1
2280,10,4,0,9,30,30,10,1
2281,10,10,0,9,30,30,10,1
2282,10,16,0,9,30,30,10,1
2283,16,4,0,9,30,30,10,1
2284,16,10,0,9,30,30,10,1
2285,16,16,0,9,30,30,10,1
2286,4,4,1,10,30,30,10,1
2287,4,10,1,10,30,30,10,1
2288,4,16,1,10,30,30,10,1
2289,10,4,1,10,30,30,10,1
2290,10,10,1,10,30,30,10,1
2291,10,16,1,10,30,30,10,1
2292,16,4,1,10,30,30,10,1
2293,16,10,1,10,30,30,10,1
2294,16,16,1,10,30,30,10,1
2295,4,4,0,10,30,30,10,1
2296,4,10,0,10,30,30,10,1
2297,4,16,0,10,30,30,10,1
2298,10,4,0,10,30,30,10,1
2299,10,10,0,10,30,30,10,1
2300,10,16,0,10,30,30,10,1
2301,16,4,0,10,30,30,10,1
2302,16,10,0,10,30,30,10,1
2303,16,16,0,10,30,30,10,1
2304,4,4,1,11,30,30,10,1
2305,4,10,1,11,30,30,10,1
2306,4,16,1,11,30,30,10,1
2307,10,4,1,11,30,30,10,1
2308,10,10,1,11,30,30,10,1
2309,10,16,1,11,30,30,10,1
2310,16,4,1,11,30,30,10,1
2311,16,10,1,11,30,30,10,1
2312,16,16,1,11,30,30,10,1
2313,4,4,0,11,30,30,10,1
2314,4,10,0,11,30,30,10,1
2315,4,16,0,11,30,30,10,1
2316,10,4,0,11,30,30,10,1
2317,10,10,0,11,30,30,10,1
2318,10,16,0,11,30,30,10,1
2319,16,4,0,11,30,30,10,1
2320,16,10,0,11,30,30,10,1
2321,16,16,0,11,30,30,10,1
2322,4,4,1,9,50,30,10,1
2323,4,10,1,9,50,30,10,1
2324,4,16,1,9,50,30,10,1
2325,10,4,1,9,50,30,10,1
2326,10,10,1,9,50,30,10,1
2327,10,16,1,9,50,30,10,1
2328,16,4,1,9,50,30,10,1
2329,16,10,1,9,50,30,10,1
2330,16,16,1,9,50,30,10,1
2331,4,4,0,9,50,30,10,1
2332,4,10,0,9,50,30,10,1
2333,4,16,0,9,50,30,10,1
2334,10,4,0,9,50,30,10,1
2335,10,10,0,9,50,30,10,1
2336,10,16,0,9,50,30,10,1
2337,16,4,0,9,50,30,10,1
2338,16,10,0,9,50,30,10,1
2339,16,16,0,9,50,30,10,1
2340,4,4,1,10,50,30,10,1
2341,4,10,1,10,50,30,10,1
2342,4,16,1,10,50,30,10,1
2343,10,4,1,10,50,30,10,1
2344,10,10,1,10,50,30,10,1
2345,10,16,1,10,50,30,10,1
2346,16,4,1,10,50,30,10,1
2347,16,10,1,10,50,30,10,1
2348,16,16,1,10,50,30,10,1
2349,4,4,0,10,50,30,10,1
2350,4,10,0,10,50,30,10,1
2351,4,16,0,10,50,30,10,1
2352,10,4,0,10,50,30,10,1
2353,10,10,0,10,50,30,10,1
2354,10,16,0,10,50,30,10,1
2355,16,4,0,10,50,30,10,1
2356,16,10,0,10,50,30,10,1
2357,16,16,0,10,50,30,10,1
2358,4,4,1,11,50,30,10,1
2359,4,10,1,11,50,30,10,1
2360,4,16,1,11,50,30,10,1
2361,10,4,1,11,50,30,10,1
2362,10,10,1,11,50,30,10,1
2363,10,16,1,11,50,30,10,1
2364,16,4,1,11,50,30,10,1
2365,16,10,1,11,50,30,10,1
2366,16,16,1,11,50,30,10,1
2367,4,4,0,11,50,30,10,1
2368,4,10,0,11,50,30,10,1
2369,4,16,0,11,50,30,10,1
2370,10,4,0,11,50,30,10,1
2371,10,10,0,11,50,30,10,1
2372,10,16,0,11,50,30,10,1
2373,16,4,0,11,50,30,10,1
2374,16,10,0,11,50,30,10,1
2375,16,16,0,11,50,30,10,1
2376,4,4,1,9,70,30,10,1
2377,4,10,1,9,70,30,10,1
2378,4,16,1,9,70,30,10,1
2379,10,4,1,9,70,30,10,1
2380,10,10,1,9,70,30,10,1
2381,10,16,1,9,70,30,10,1
2382,16,4,1,9,70,30,10,1
2383,16,10,1,9,70,30,10,1
2384,16,16,1,9,70,30,10,1
2385,4,4,0,9,70,30,10,1
2386,4,10,0,9,70,30,10,1
2387,4,16,0,9,70,30,10,1
2388,10,4,0,9,70,30,10,1
2389,10,10,0,9,70,30,10,1
2390,10,16,0,9,70,30,10,1
2391,16,4,0,9,70,30,10,1
2392,16,10,0,9,70,30,10,1
2393,16,16,0,9,70,30,10,1
2394,4,4,1,10,70,30,10,1
2395,4,10,1,10,70,30,10,1
2396,4,16,1,10,70,30,10,1
2397,10,4,1,10,70,30,10,1
2398,10,10,1,10,70,30,10,1
2399,10,16,1,10,70,30,10,1
2400,16,4,1,10,70,30,10,1
2401,16,10,1,10,70,30,10,1
2402,16,16,1,10,70,30,10,1
2403,4,4,0,10,70,30,10,1
2404,4,10,0,10,70,30,10,1
2405,4,16,0,10,70,30,10,1
2406,10,4,0,10,70,30,10,1
2407,10,10,0,10,70,30,10,1
2408,10,16,0,10,70,30,10,1
2409,16,4,0,10,70,30,10,1
2410,16,10,0,10,70,30,10,1
2411,16,16,0,10,70,30,10,1
2412,4,4,1,11,70,30,10,1
2413,4,10,1,11,70,30,10,1
2414,4,16,1,11,70,30,10,1
2415,10,4,1,11,70,30,10,1
2416,10,10,1,11,70,30,10,1
2417,10,16,1,11,70,30,10,1
2418,16,4,1,11,70,30,10,1
2419,16,10,1,11,70,30,10,1
2420,16,16,1,11,70,30,10,1
2421,4,4,0,11,70,30,10,1
2422,4,10,0,11,70,30,10,1
2423,4,16,0,11,70,30,10,1
2424,10,4,0,11,70,30,10,1
2425,10,10,0,11,70,30,10,1
2426,10,16,0,11,70,30,10,1
2427,16,4,0,11,70,30,10,1
2428,16,10,0,11,70,30,10,1
2429,16,16,0,11,70,30,10,1
2430,4,4,1,9,30,10,15,1
2431,4,10,1,9,30,10,15,1
2432,4,16,1,9,30,10,15,1
2433,10,4,1,9,30,10,15,1
2434,10,10,1,9,30,10,15,1
2435,10,16,1,9,30,10,15,1
2436,16,4,1,9,30,10,15,1
2437,16,10,1,9,30,10,15,1
2438,16,16,1,9,30,10,15,1
2439,4,4,0,9,30,10,15,1
2440,4,10,0,9,30,10,15,1
2441,4,16,0,9,30,10,15,1
2442,10,4,0,9,30,10,15,1
2443,10,10,0,9,30,10,15,1
2444,10,16,0,9,30,10,15,1
2445,16,4,0,9,30,10,15,1
2446,16,10,0,9,30,10,15,1
2447,16,16,0,9,30,10,15,1
2448,4,4,1,10,30,10,15,1
2449,4,10,1,10,30,10,15,1
2450,4,16,1,10,30,10,15,1
2451,10,4,1,10,30,10,15,1
2452,10,10,1,10,30,10,15,1
2453,10,16,1,10,30,10,15,1
2454,16,4,1,10,30,10,15,1
2455,16,10,1,10,30,10,15,1
2456,16,16,1,10,30,10,15,1
2457,4,4,0,10,30,10,15,1
2458,4,10,0,10,30,10,15,1
2459,4,16,0,10,30,10,15,1
2460,10,4,0,10,30,10,15,1
2461,10,10,0,10,30,10,15,1
2462,10,16,0,10,30,10,15,1
2463,16,4,0,10,30,10,15,1
2464,16,10,0,10,30,10,15,1
2465,16,16,0,10,30,10,15,1
2466,4,4,1,11,30,10,15,1
2467,4,10,1,11,30,10,15,1
2468,4,16,1,11,30,10,15,1
2469,10,4,1,11,30,10,15,1
2470,10,10,1,11,30,10,15,1
2471,10,16,1,11,30,10,15,1
2472,16,4,1,11,30,10,15,1
2473,16,10,1,11,30,10,15,1
2474,16,16,1,11,30,10,15,1
2475,4,4,0,11,30,10,15,1
2476,4,10,0,11,30,10,15,1
2477,4,16,0,11,30,10,15,1
2478,10,4,0,11,30,10,15,1
2479,10,10,0,11,30,10,15,1
2480,10,16,0,11,30,10,15,1
2481,16,4,0,11,30,10,15,1
2482,16,10,0,11,30,10,15,1
2483,16,16,0,11,30,10,15,1
2484,4,4,1,9,50,10,15,1
2485,4,10,1,9,50,10,15,1
2486,4,16,1,9,50,10,15,1
2487,10,4,1,9,50,10,15,1
2488,10,10,1,9,50,10,15,1
2489,10,16,1,9,50,10,15,1
2490,16,4,1,9,50,10,15,1
2491,16,10,1,9,50,10,15,1
2492,16,16,1,9,50,10,15,1
2493,4,4,0,9,50,10,15,1
2494,4,10,0,9,50,10,15,1
2495,4,16,0,9,50,10,15,1
2496,10,4,0,9,50,10,15,1
2497,10,10,0,9,50,10,15,1
2498,10,16,0,9,50,10,15,1
2499,16,4,0,9,50,10,15,1
2500,16,10,0,9,50,10,15,1
2501,16,16,0,9,50,10,15,1
2502,4,4,1,10,50,10,15,1
2503,4,10,1,10,50,10,15,1
2504,4,16,1,10,50,10,15,1
2505,10,4,1,10,50,10,15,1
2506,10,10,1,10,50,10,15,1
2507,10,16,1,10,50,10,15,1
2508,16,4,1,10,50,10,15,1
2509,16,10,1,10,50,10,15,1
2510,16,16,1,10,50,10,15,1
2511,4,4,0,10,50,10,15,1
2512,4,10,0,10,50,10,15,1
2513,4,16,0,10,50,10,15,1
2514,10,4,0,10,50,10,15,1
2515,10,10,0,10,50,10,15,1
2516,10,16,0,10,50,10,15,1
2517,16,4,0,10,50,10,15,1
2518,16,10,0,10,50,10,15,1
2519,16,16,0,10,50,10,15,1
2520,4,4,1,11,50,10,15,1
2521,4,10,1,11,50,10,15,1
2522,4,16,1,11,50,10,15,1
2523,10,4,1,11,50,10,15,1
2524,10,10,1,11,50,10,15,1
2525,10,16,1,11,50,10,15,1
2526,16,4,1,11,50,10,15,1
2527,16,10,1,11,50,10,15,1
2528,16,16,1,11,50,10,15,1
2529,4,4,0,11,50,10,15,1
2530,4,10,0,11,50,10,15,1
2531,4,16,0,11,50,10,15,1
2532,10,4,0,11,50,10,15,1
2533,10,10,0,11,50,10,15,1
2534,10,16,0,11,50,10,15,1
2535,16,4,0,11,50,10,15,1
2536,16,10,0,11,50,10,15,1
2537,16,16,0,11,50,10,15,1
2538,4,4,1,9,70,10,15,1
2539,4,10,1,9,70,10,15,1
2540,4,16,1,9,70,10,15,1
2541,10,4,1,9,70,10,15,1
2542,10,10,1,9,70,10,15,1
2543,10,16,1,9,70,10,15,1
2544,16,4,1,9,70,10,15,1
2545,16,10,1,9,70,10,15,1
2546,16,16,1,9,70,10,15,1
2547,4,4,0,9,70,10,15,1
2548,4,10,0,9,70,10,15,1
2549,4,16,0,9,70,10,15,1
2550,10,4,0,9,70,10,15,1
2551,10,10,0,9,70,10,15,1
2552,10,16,0,9,70,10,15,1
2553,16,4,0,9,70,10,15,1
2554,16,10,0,9,70,10,15,1
2555,16,16,0,9,70,10,15,1
2556,4,4,1,10,70,10,15,1
2557,4,10,1,10,70,10,15,1
2558,4,16,1,10,70,10,15,1
2559,10,4,1,10,70,10,15,1
2560,10,10,1,10,70,10,15,1
2561,10,16,1,10,70,10,15,1
2562,16,4,1,10,70,10,15,1
2563,16,10,1,10,70,10,15,1
2564,16,16,1,10,70,10,15,1
2565,4,4,0,10,70,10,15,1
2566,4,10,0,10,70,10,15,1
2567,4,16,0,10,70,10,15,1
2568,10,4,0,10,70,10,15,1
2569,10,10,0,10,70,10,15,1
2570,10,16,0,10,70,10,15,1
2571,16,4,0,10,70,10,15,1
2572,16,10,0,10,70,10,15,1
2573,16,16,0,10,70,10,15,1
2574,4,4,1,11,70,10,15,1
2575,4,10,1,11,70,10,15,1
2576,4,16,1,11,70,10,15,1
2577,10,4,1,11,70,10,15,1
2578,10,10,1,11,70,10,15,1
2579,10,16,1,11,70,10,15,1
2580,16,4,1,11,70,10,15,1
2581,16,10,1,11,70,10,15,1
2582,16,16,1,11,70,10,15,1
2583,4,4,0,11,70,10,15,1
2584,4,10,0,11,70,10,15,1
2585,4,16,0,11,70,10,15,1
2586,10,4,0,11,70,10,15,1
2587,10,10,0,11,70,10,15,1
2588,10,16,0,11,70,10,15,1
2589,16,4,0,11,70,10,15,1
2590,16,10,0,11,70,10,15,1
2591,16,16,0,11,70,10,15,1
2592,4,4,1,9,30,20,15,1
2593,4,10,1,9,30,20,15,1
2594,4,16,1,9,30,20,15,1
2595,10,4,1,9,30,20,15,1
2596,10,10,1,9,30,20,15,1
2597,10,16,1,9,30,20,15,1
2598,16,4,1,9,30,20,15,1
2599,16,10,1,9,30,20,15,1
2600,16,16,1,9,30,20,15,1
2601,4,4,0,9,30,20,15,1
2602,4,10,0,9,30,20,15,1
2603,4,16,0,9,30,20,15,1
2604,10,4,0,9,30,20,15,1
2605,10,10,0,9,30,20,15,1
2606,10,16,0,9,30,20,15,1
2607,16,4,0,9,30,20,15,1
2608,16,10,0,9,30,20,15,1
2609,16,16,0,9,30,20,15,1
2610,4,4,1,10,30,20,15,1
2611,4,10,1,10,30,20,15,1
2612,4,16,1,10,30,20,15,1
2613,10,4,1,10,30,20,15,1
2614,10,10,1,10,30,20,15,1
2615,10,16,1,10,30,20,15,1
2616,16,4,1,10,30,20,15,1
2617,16,10,1,10,30,20,15,1
2618,16,16,1,10,30,20,15,1
2619,4,4,0,10,30,20,15,1
2620,4,10,0,10,30,20,15,1
2621,4,16,0,10,30,20,15,1
2622,10,4,0,10,30,20,15,1
2623,10,10,0,10,30,20,15,1
2624,10,16,0,10,30,20,15,1
2625,16,4,0,10,30,20,15,1
2626,16,10,0,10,30,20,15,1
2627,16,16,0,10,30,20,15,1
2628,4,4,1,11,30,20,15,1
2629,4,10,1,11,30,20,15,1
2630,4,16,1,11,30,20,15,1
2631,10,4,1,11,30,20,15,1
2632,10,10,1,11,30,20,15,1
2633,10,16,1,11,30,20,15,1
2634,16,4,1,11,30,20,15,1
2635,16,10,1,11,30,20,15,1
2636,16,16,1,11,30,20,15,1
2637,4,4,0,11,30,20,15,1
2638,4,10,0,11,30,20,15,1
2639,4,16,0,11,30,20,15,1
2640,10,4,0,11,30,20,15,1
2641,10,10,0,11,30,20,15,1
2642,10,16,0,11,30,20,15,1
2643,16,4,0,11,30,20,15,1
2644,16,10,0,11,30,20,15,1
2645,16,16,0,11,30,20,15,1
2646,4,4,1,9,50,20,15,1
2647,4,10,1,9,50,20,15,1
2648,4,16,1,9,50,20,15,1
2649,10,4,1,9,50,20,15,1
2650,10,10,1,9,50,20,15,1
2651,10,16,1,9,50,20,15,1
2652,16,4,1,9,50,20,15,1
2653,16,10,1,9,50,20,15,1
2654,16,16,1,9,50,20,15,1
2655,4,4,0,9,50,20,15,1
2656,4,10,0,9,50,20,15,1
2657,4,16,0,9,50,20,15,1
2658,10,4,0,9,50,20,15,1
2659,10,10,0,9,50,20,15,1
2660,10,16,0,9,50,20,15,1
2661,16,4,0,9,50,20,15,1
2662,16,10,0,9,50,20,15,1
2663,16,16,0,9,50,20,15,1
2664,4,4,1,10,50,20,15,1
2665,4,10,1,10,50,20,15,1
2666,4,16,1,10,50,20,15,1
2667,10,4,1,10,50,20,15,1
2668,10,10,1,10,50,20,15,1
2669,10,16,1,10,50,20,15,1
2670,16,4,1,10,50,20,15,1
2671,16,10,1,10,50,20,15,1
2672,16,16,1,10,50,20,15,1
2673,4,4,0,10,50,20,15,1
2674,4,10,0,10,50,20,15,1
2675,4,16,0,10,50,20,15,1
2676,10,4,0,10,50,20,15,1
2677,10,10,0,10,50,20,15,1
2678,10,16,0,10,50,20,15,1
2679,16,4,0,10,50,20,15,1
2680,16,10,0,10,50,20,15,1
2681,16,16,0,10,50,20,15,1
2682,4,4,1,11,50,20,15,1
2683,4,10,1,11,50,20,15,1
2684,4,16,1,11,50,20,15,1
2685,10,4,1,11,50,20,15,1
2686,10,10,1,11,50,20,15,1
2687,10,16,1,11,50,20,15,1
2688,16,4,1,11,50,20,15,1
2689,16,10,1,11,50,20,15,1
2690,16,16,1,11,50,20,15,1
2691,4,4,0,11,50,20,15,1
2692,4,10,0,11,50,20,15,1
2693,4,16,0,11,50,20,15,1
2694,10,4,0,11,50,20,15,1
2695,10,10,0,11,50,20,15,1
2696,10,16,0,11,50,20,15,1
2697,16,4,0,11,50,20,15,1
2698,16,10,0,11,50,20,15,1
2699,16,16,0,11,50,20,15,1
2700,4,4,1,9,70,20,15,1
2701,4,10,1,9,70,20,15,1
2702,4,16,1,9,70,20,15,1
2703,10,4,1,9,70,20,15,1
2704,10,10,1,9,70,20,15,1
2705,10,16,1,9,70,20,15,1
2706,16,4,1,9,70,20,15,1
2707,16,10,1,9,70,20,15,1
2708,16,16,1,9,70,20,15,1
2709,4,4,0,9,70,20,15,1
2710,4,10,0,9,70,20,15,1
2711,4,16,0,9,70,20,15,1
2712,10,4,0,9,70,20,15,1
2713,10,10,0,9,70,20,15,1
2714,10,16,0,9,70,20,15,1
2715,16,4,0,9,70,20,15,1
2716,16,10,0,9,70,20,15,1
2717,16,16,0,9,70,20,15,1
2718,4,4,1,10,70,20,15,1
2719,4,10,1,10,70,20,15,1
2720,4,16,1,10,70,20,15,1
2721,10,4,1,10,70,20,15,1
2722,10,10,1,10,70,20,15,1
2723,10,16,1,10,70,20,15,1
2724,16,4,1,10,70,20,15,1
2725,16,10,1,10,70,20,15,1
2726,16,16,1,10,70,20,15,1
2727,4,4,0,10,70,20,15,1
2728,4,10,0,10,70,20,15,1
2729,4,16,0,10,70,20,15,1
2730,10,4,0,10,70,20,15,1
2731,10,10,0,10,70,20,15,1
2732,10,16,0,10,70,20,15,1
2733,16,4,0,10,70,20,15,1
2734,16,10,0,10,70,20,15,1
2735,16,16,0,10,70,20,15,1
2736,4,4,1,11,70,20,15,1
2737,4,10,1,11,70,20,15,1
2738,4,16,1,11,70,20,15,1
2739,10,4,1,11,70,20,15,1
2740,10,10,1,11,70,20,15,1
2741,10,16,1,11,70,20,15,1
2742,16,4,1,11,70,20,15,1
2743,16,10,1,11,70,20,15,1
2744,16,16,1,11,70,20,15,1
2745,4,4,0,11,70,20,15,1
2746,4,10,0,11,70,20,15,1
2747,4,16,0,11,70,20,15,1
2748,10,4,0,11,70,20,15,1
2749,10,10,0,11,70,20,15,1
2750,10,16,0,11,70,20,15,1
2751,16,4,0,11,70,20,15,1
2752,16,10,0,11,70,20,15,1
2753,16,16,0,11,70,20,15,1
2754,4,4,1,9,30,30,15,1
2755,4,10,1,9,30,30,15,1
2756,4,16,1,9,30,30,15,1
2757,10,4,1,9,30,30,15,1
2758,10,10,1,9,30,30,15,1
2759,10,16,1,9,30,30,15,1
2760,16,4,1,9,30,30,15,1
2761,16,10,1,9,30,30,15,1
2762,16,16,1,9,30,30,15,1
2763,4,4,0,9,30,30,15,1
2764,4,10,0,9,30,30,15,1
2765,4,16,0,9,30,30,15,1
2766,10,4,0,9,30,30,15,1
2767,10,10,0,9,30,30,15,1
2768,10,16,0,9,30,30,15,1
2769,16,4,0,9,30,30,15,1
2770,16,10,0,9,30,30,15,1
2771,16,16,0,9,30,30,15,1
2772,4,4,1,10,30,30,15,1
2773,4,10,1,10,30,30,15,1
2774,4,16,1,10,30,30,15,1
2775,10,4,1,10,30,30,15,1
2776,10,10,1,10,30,30,15,1
2777,10,16,1,10,30,30,15,1
2778,16,4,1,10,30,30,15,1
2779,16,10,1,10,30,30,15,1
2780,16,16,1,10,30,30,15,1
2781,4,4,0,10,30,30,15,1
2782,4,10,0,10,30,30,15,1
2783,4,16,0,10,30,30,15,1
2784,10,4,0,10,30,30,15,1
2785,10,10,0,10,30,30,15,1
2786,10,16,0,10,30,30,15,1
2787,16,4,0,10,30,30,15,1
2788,16,10,0,10,30,30,15,1
2789,16,16,0,10,30,30,15,1
2790,4,4,1,11,30,30,15,1
2791,4,10,1,11,30,30,15,1
2792,4,16,1,11,30,30,15,1
2793,10,4,1,11,30,30,15,1
2794,10,10,1,11,30,30,15,1
2795,10,16,1,11,30,30,15,1
2796,16,4,1,11,30,30,15,1
2797,16,10,1,11,30,30,15,1
2798,16,16,1,11,30,30,15,1
2799,4,4,0,11,30,30,15,1
2800,4,10,0,11,30,30,15,1
2801,4,16,0,11,30,30,15,1
2802,10,4,0,11,30,30,15,1
2803,10,10,0,11,30,30,15,1
2804,10,16,0,11,30,30,15,1
2805,16,4,0,11,30,30,15,1
2806,16,10,0,11,30,30,15,1
2807,16,16,0,11,30,30,15,1
2808,4,4,1,9,50,30,15,1
2809,4,10,1,9,50,30,15,1
2810,4,16,1,9,50,30,15,1
2811,10,4,1,9,50,30,15,1
2812,10,10,1,9,50,30,15,1
2813,10,16,1,9,50,30,15,1
2814,16,4,1,9,50,30,15,1
2815,16,10,1,9,50,30,15,1
2816,16,16,1,9,50,30,15,1
2817,4,4,0,9,50,30,15,1
2818,4,10,0,9,50,30,15,1
2819,4,16,0,9,50,30,15,1
2820,10,4,0,9,50,30,15,1
2821,10,10,0,9,50,30,15,1
2822,10,16,0,9,50,30,15,1
2823,16,4,0,9,50,30,15,1
2824,16,10,0,9,50,30,15,1
2825,16,16,0,9,50,30,15,1
2826,4,4,1,10,50,30,15,1
2827,4,10,1,10,50,30,15,1
2828,4,16,1,10,50,30,15,1
2829,10,4,1,10,50,30,15,1
2830,10,10,1,10,50,30,15,1
2831,10,16,1,10,50,30,15,1
2832,16,4,1,10,50,30,15,1
2833,16,10,1,10,50,30,15,1
2834,16,16,1,10,50,30,15,1
2835,4,4,0,10,50,30,15,1
2836,4,10,0,10,50,30,15,1
2837,4,16,0,10,50,30,15,1
2838,10,4,0,10,50,30,15,1
2839,10,10,0,10,50,30,15,1
2840,10,16,0,10,50,30,15,1
2841,16,4,0,10,50,30,15,1
2842,16,10,0,10,50,30,15,1
2843,16,16,0,10,50,30,15,1
2844,4,4,1,11,50,30,15,1
2845,4,10,1,11,50,30,15,1
2846,4,16,1,11,50,30,15,1
2847,10,4,1,11,50,30,15,1
2848,10,10,1,11,50,30,15,1
2849,10,16,1,11,50,30,15,1
2850,16,4,1,11,50,30,15,1
2851,16,10,1,11,50,30,15,1
2852,16,16,1,11,50,30,15,1
2853,4,4,0,11,50,30,15,1
2854,4,10,0,11,50,30,15,1
2855,4,16,0,11,50,30,15,1
2856,10,4,0,11,50,30,15,1
2857,10,10,0,11,50,30,15,1
2858,10,16,0,11,50,30,15,1
2859,16,4,0,11,50,30,15,1
2860,16,10,0,11,50,30,15,1
2861,16,16,0,11,50,30,15,1
2862,4,4,1,9,70,30,15,1
2863,4,10,1,9,70,30,15,1
2864,4,16,1,9,70,30,15,1
2865,10,4,1,9,70,30,15,1
2866,10,10,1,9,70,30,15,1
2867,10,16,1,9,70,30,15,1
2868,16,4,1,9,70,30,15,1
2869,16,10,1,9,70,30,15,1
2870,16,16,1,9,70,30,15,1
2871,4,4,0,9,70,30,15,1
2872,4,10,0,9,70,30,15,1
2873,4,16,0,9,70,30,15,1
2874,10,4,0,9,70,30,15,1
2875,10,10,0,9,70,30,15,1
2876,10,16,0,9,70,30,15,1
2877,16,4,0,9,70,30,15,1
2878,16,10,0,9,70,30,15,1
2879,16,16,0,9,70,30,15,1
2880,4,4,1,10,70,30,15,1
2881,4,10,1,10,70,30,15,1
2882,4,16,1,10,70,30,15,1
2883,10,4,1,10,70,30,15,1
2884,10,10,1,10,70,30,15,1
2885,10,16,1,10,70,30,15,1
2886,16,4,1,10,70,30,15,1
2887,16,10,1,10,70,30,15,1
2888,16,16,1,10,70,30,15,1
2889,4,4,0,10,70,30,15,1
2890,4,10,0,10,70,30,15,1
2891,4,16,0,10,70,30,15,1
2892,10,4,0,10,70,30,15,1
2893,10,10,0,10,70,30,15,1
2894,10,16,0,10,70,30,15,1
2895,16,4,0,10,70,30,15,1
2896,16,10,0,10,70,30,15,1
2897,16,16,0,10,70,30,15,1
2898,4,4,1,11,70,30,15,1
2899,4,10,1,11,70,30,15,1
2900,4,16,1,11,70,30,15,1
2901,10,4,1,11,70,30,15,1
2902,10,10,1,11,70,30,15,1
2903,10,16,1,11,70,30,15,1
2904,16,4,1,11,70,30,15,1
2905,16,10,1,11,70,30,15,1
2906,16,16,1,11,70,30,15,1
2907,4,4,0,11,70,30,15,1
2908,4,10,0,11,70,30,15,1
2909,4,16,0,11,70,30,15,1
2910,10,4,0,11,70,30,15,1
2911,10,10,0,11,70,30,15,1
2912,10,16,0,11,70,30,15,1
2913,16,4,0,11,70,30,15,1
2914,16,10,0,11,70,30,15,1
2915,16,16,0,11,70,30,15,1
